Key,Chinese (Simplified)(zh),English(en),Japanese(ja),Korean(ko),Chinese (Traditional)(zh-Hant),Russian(ru)
Tile_TileName_ArchmageStaffTile,大法师之杖,Archmage Staff,大魔法使いの杖,대마법사의 지팡이,大法師的法杖,Посох архимага
Tile_TileName_ArmorTile,护甲,Armor,鎧,갑옷,盔甲,Доспехи
Tile_TileName_BigHeartTile,大心脏,Big Heart,ビックハート,큰 하트,大心,Большое сердце
Tile_TileName_DamageTotemTile,愤怒图腾,Anger Totem,怒りのトーテム,분노 토템,憤怒圖騰,Тотем гнева
Tile_TileName_FireBallTile,火球,Fire Ball,ファイアボール,화염구,火球,Огненный шар
Tile_TileName_FireBoltTile,火焰箭,Fire Bolt,ファイアボルト,화염살,火焰箭,Огненная стрела
Tile_TileName_FrostStaffTile,冰霜法杖,Frost Staff,氷の杖,냉기 지팡이,寒氣法杖,Посох холода
Tile_TileName_HatTile,帽子,Hat,魔法使いの帽子,모자,帽子,Шляпа
Tile_TileName_HealTotemTile,治疗图腾,Heal Totem,癒しのトーテム,치유 토템,治癒圖騰,Тотем исцеления
Tile_TileName_HeartTile,心脏,Heart,ハート,하트,心,Сердце
Tile_TileName_IcicleTile,冰锥,Icicle,つらら,고드름,冰柱,Сосулька
Tile_TileName_KoreaTotemTile,战争图腾,War Totem,戦のトーテム,전쟁 토템,戰爭圖騰,Боевой тотем
Tile_TileName_RobeTile,长袍,Robe,魔法使いのローブ,로브,法袍,Роба
Tile_TileName_SwordTile,剑,Sword,剣召喚,검 소환,劍召喚,Призыв мечей
Tile_TileName_WarFlagTile,战旗,War Flag,戦の旗,전쟁 깃발,戰旗,Боевое знамя
Tile_TileName_ClockTile,钟,Clock,時計,시계,時鐘,Часы
Tile_TileName_CloudTile,云,Cloud,雲,구름,雲,Облако
Tile_TileName_CrowTile,乌鸦,Crow,カラス,까마귀,烏鴉,Ворон
Tile_TileName_FlamingSwordTile,火焰剑,Flaming Sword,燃える剣,불타는 검,燃燒之劍,Пылающий меч
Tile_TileName_FrostHammerTile,冰锤,Ice Hammer,氷のハンマー,얼음 망치,冰錘,Ледяной молот
Tile_TileName_GoddessTile,女神像,Statue of Goddess,女神賞,여신상,女神像,Статуя богини
Tile_TileName_GuideStaffTile,新手法杖,Beginner's Staff,初心者の杖,초심자의 지팡이,初心者的法杖,Посох новичка
Tile_TileName_HauntedDollTile,诅咒娃娃,Cursed Doll,呪い人形,저주 인형,詛咒人偶,Кукла проклятия
Tile_TileName_KabutoTile,独角仙,Rhinoceros Beetle,カブトムシ,장수풍뎅이,金龜子,Жук-олень
Tile_TileName_ManaAITile,法力人工智能,Mana AI,マナAI,마나 AI,魔力AI,Мана ИИ
Tile_TileName_ManaTurretTile,法力塔,Mana Tower,マナタワー,마나포탑,魔力砲塔,Мана-башня
Tile_TileName_NecronomiconTile,死灵之书,Necronomicon,ネクロノミコン,네크로노미콘,死靈之書,Некрономикон
Tile_TileName_PhantomTile,恶灵,Evil Spirit,悪霊,악령,惡靈,Злой дух
Tile_TileName_RainbowTile,彩虹,Rainbow,虹,무지개,彩虹,Радуга
Tile_TileName_RainCloudTile,雨云,Rain Cloud,雨雲,비구름,雨雲,Дождевая туча
Tile_TileName_StaffTile,甘蔗,Staff,魔法使いの杖,지팡이,法杖,посохов
Tile_TileName_TotemBaseTile,图腾斑点,Totem Spot,トーテム席,토템 자리,圖騰座,Место тотема
Tile_TileName_ThunderStormCloudTile,雷雨,Thunderstorm,雷雨,뇌우,雷暴,Гроза
Tile_TileName_TurtleTile,龟,Turtle,カメ,거북이,海龜,Черепаха
Tile_TileName_WraithTile,阴凉处,Shade,亡霊,망령,亡靈,Призрак
Tile_TileName_HellFireTile,地狱火,Hellfire,地獄の火,지옥불,地獄火,адского огня
Tile_TileName_WandTile,魔杖,Wand,魔法使いの棒,완드,魔杖,Жезл
Tile_TileName_MoaiTotemTile,古代图腾,Ancient Totem,古代トーテム,고대 토템,古代圖騰,Древний тотем
Tile_TileName_MagmaBladeTile,熔岩之刃,Lava Blade,溶岩の刃,용암 칼날,熔岩刀刃,Лавовое лезвие
Tile_TileName_CatTile,猫巫师,Cat Wizard,魔法使い猫,고양이 마법사,貓法師,Кот-маг
,,,,,,
Tile_TileDescription_ArchmageStaffTile,"发射强力投射物。
(伤害: <color=red>40</color>)
在<color=yellow>星<sprite name=""Star"">位置上</color>放置时<color=orange>钟</color>或<color=orange>女神像</color>中的任意一个时获得基础效果。
两个都放置时获得额外效果。
<color=yellow>基础效果</color>: 伤害增加至<color=red>50</color>。
<color=yellow>额外效果</color>: 发射3个伤害为<color=red>30</color>的投射物。","Fires a powerful projectile.
(Damage: <color=red>40</color>)
Gain the basic effect when placing either a <color=orange>Clock</color> or <color=orange>Statue of Goddess</color> at the <color=yellow>Star<sprite name=""Star""> position</color>.
Gain the additional effect when both are placed.
<color=yellow>Basic Effect</color>: Damage increases to <color=red>50</color>.
<color=yellow>Additional Effect</color>: Fires 3 projectiles dealing <color=red>30</color> damage each.","強力な弾を発射します。
(ダメージ: <color=red>40</color>)
<color=yellow>星<sprite name=""Star"">の位置に</color><color=orange>時計</color>または<color=orange>女神像</color>のいずれか一つを配置すると基本効果を獲得します。
両方配置すると追加効果を獲得します。
<color=yellow>基本効果</color>: ダメージが<color=red>50</color>に増加します。
<color=yellow>追加効果</color>: ダメージ<color=red>30</color>の投射体を3個発射します。","강력한 투사체를 발사합니다. 
(피해량: <color=red>40</color>)
<color=yellow>별<sprite name=""Star"">에 위치한</color> <color=orange>시계</color>나 <color=orange>여신상</color> 중 하나만 배치 시 기본 효과를 얻습니다. 
둘 다 배치되면 추가 효과를 얻습니다.
<color=yellow>기본효과</color>: 피해량이 <color=red>50</color>으로 증가합니다.
<color=yellow>추가효과</color>: 피해량 <color=red>30</color>의 투사체를 3개 발사합니다.","發射強力投射物。
(傷害: <color=red>40</color>)
在<color=yellow>星<sprite name=""Star"">位置上</color>放置<color=orange>時鐘</color>或<color=orange>女神像</color>中的任意一個時獲得基礎效果。
兩個都放置時獲得額外效果。
<color=yellow>基礎效果</color>: 傷害增加至<color=red>50</color>。
<color=yellow>額外效果</color>: 發射3個傷害為<color=red>30</color>的投射物。","Выпускает мощный снаряд.
(Урон: <color=red>40</color>)
При размещении либо <color=orange>Часов</color>, либо <color=orange>Статуи богини</color> <color=yellow>на позиции Звезды<sprite name=""Star""></color> получает базовый эффект.
При размещении обоих получает дополнительный эффект.
<color=yellow>Базовый эффект</color>: Урон увеличивается до <color=red>50</color>.
<color=yellow>Дополнительный эффект</color>: Выпускает 3 снаряда с уроном <color=red>30</color>."
Tile_TileDescription_ArmorTile,"获得护盾<sprite name=""Shield"">。","Obtain a Shield<sprite name=""Shield"">.","シールド<sprite name=""Shield"">を獲得します。","방어막<sprite name=""Shield"">을 획득합니다.","獲得護盾<sprite name=""Shield"">。","Получает Щит<sprite name=""Shield"">."
Tile_TileDescription_BigHeartTile,"星云(3)<sprite name=""Nebula"">: 恢复<color=green>5</color>点体力。
如果<color=yellow>星<sprite name=""Star"">位置上</color>有3个以上法阵<sprite name=""MagicCircle"">，恢复<color=green>7</color>点体力。","Nebula (3)<sprite name=""Nebula"">: Restores <color=green>5</color> health. 
If there are 3 or more magic circles <sprite name=""MagicCircle""> <color=yellow>located on the Star<sprite name=""Star""></color>, restores <color=green>7</color> health.","星雲(3)<sprite name=""Nebula"">: 体力を<color=green>5</color>回復します。
<color=yellow>星<sprite name=""Star"">に位置する</color>魔法陣<sprite name=""MagicCircle"">が3つ以上の場合、体力を<color=green>7</color>回復します。","성운(3)<sprite name=""Nebula"">: 체력을 <color=green>5</color> 회복합니다.
<color=yellow>별<sprite name=""Star"">에 위치한</color> 마법진<sprite name=""MagicCircle"">이 3개 이상이라면, 체력을 <color=green>7</color>회복합니다.","星雲(3)<sprite name=""Nebula"">: 恢復<color=green>5</color>點體力。
如果<color=yellow>星<sprite name=""Star"">位置上</color>有3個以上法陣<sprite name=""MagicCircle"">，恢復<color=green>7</color>點體力。","Туманность(3)<sprite name=""Nebula"">: Восстанавливает <color=green>5</color> здоровья.
Если <color=yellow>на позиции Звезды<sprite name=""Star""></color> размещено 3 или более Магических кругов<sprite name=""MagicCircle"">, восстанавливает <color=green>7</color> здоровья."
Tile_TileDescription_DamageTotemTile,"堆叠图腾<sprite name=""Totem"">。当3个图腾<sprite name=""Totem"">堆叠时触发。
<color=yellow>触发时</color>: 施加2点诅咒<sprite name=""Curse"">。
<color=yellow>强化时</color>: 施加2点诅咒<sprite name=""Curse"">并发射伤害随敌人身上诅咒<sprite name=""Curse"">数量增加的投射物。
(伤害: <color=red>诅咒<sprite name=""Curse"">数量 (最小1)</color>)
<color=yellow>星<sprite name=""Star"">位置上的</color>每个召唤物<sprite name=""Summon"">使冷却时间减少10%。","Stacks totems <sprite name=""Totem"">. Activates when 3 totems <sprite name=""Totem""> are stacked.
<color=yellow>On activate</color>: Inflict 2 Curse <sprite name=""Curse"">.
<color=yellow>On enhancement</color>: Inflict 2 Curse <sprite name=""Curse""> and fires a projectile that deals damage proportional to the number of Curses <sprite name=""Curse""> on the enemy.
(Damage: <color=red>Curse <sprite name=""Curse""> (Minimum 1)</color>)
Cooldown is reduced by 10% for each Summon <sprite name=""Summon""> <color=yellow>located on the Star <sprite name=""Star"">.","トーテム<sprite name=""Totem"">を積み重ねます。 3つのトーテム<sprite name=""Totem"">が積み重なると発動します。
<color=yellow>発動時</color>：呪い<sprite name=""Curse"">を2付与します。
<color=yellow>強化時</color>：呪い<sprite name=""Curse"">を2付与し、敵に付与された呪い<sprite name=""Curse"">個数に比例してダメージが増加する弾を発射します。
(ダメージ：<color=red>呪い<sprite name=""Curse"">カウント（最小1）</color>)
<color=yellow>星<sprite name=""Star"">に位置する</color>召喚獣<sprite name=""Summon"">ごとにクールタイムが10%減少します。","토템<sprite name=""Totem"">을 쌓습니다. 3개의 토템<sprite name=""Totem"">이 쌓이면 발동합니다.
<color=yellow>발동 시</color>: 저주<sprite name=""Curse"">를 2 부여합니다. 
<color=yellow>강화 시</color>: 저주<sprite name=""Curse"">를 2 부여하고 적에게 부여된 저주<sprite name=""Curse""> 개수에 비례해 피해가 증가하는 투사체를 발사합니다.
(피해량: <color=red>저주<sprite name=""Curse""> 개수 (최소 1)</color>) 
<color=yellow>별<sprite name=""Star"">에 위치한</color> 소환수<sprite name=""Summon"">마다 쿨타임이 10% 감소합니다.","堆疊圖騰<sprite name=""Totem"">。當3個圖騰<sprite name=""Totem"">堆疊時觸發。
<color=yellow>觸發時</color>: 施加2點詛咒<sprite name=""Curse"">。
<color=yellow>強化時</color>: 施加2點詛咒<sprite name=""Curse"">並發射傷害隨敵人身上詛咒<sprite name=""Curse"">數量增加的投射物。
(傷害: <color=red>詛咒<sprite name=""Curse"">數量 (最小1)</color>)
<color=yellow>星<sprite name=""Star"">位置上的</color>每個召喚物<sprite name=""Summon"">使冷卻時間減少10%。","Накапливает Тотемы<sprite name=""Totem"">. При накоплении 3 Тотемов<sprite name=""Totem""> срабатывает.
<color=yellow>При срабатывании</color>: Накладывает 2 Проклятия<sprite name=""Curse"">.
<color=yellow>При усилении</color>: Накладывает 2 Проклятия<sprite name=""Curse""> и выпускает снаряд с уроном, пропорциональным количеству Проклятий<sprite name=""Curse""> на враге.
(Урон: <color=red>Количество Проклятий<sprite name=""Curse""> (минимум 1)</color>)
<color=yellow>Каждый Призыв<sprite name=""Summon""> на позиции Звезды<sprite name=""Star""></color> снижает время перезарядки на 10%."
Tile_TileDescription_FireBallTile,"发射3个投射物。
(伤害: <color=red>8</color>)
<color=yellow>命中时</color>: 施加火焰<sprite name=""Fire"">。
如果<color=yellow>星<sprite name=""Star"">位置上</color>有3个以上法阵<sprite name=""MagicCircle"">，额外发射1个投射物。","Fires 3 projectiles.
(Damage: <color=red>8</color>)
<color=yellow>On Hit</color>: Inflict 1 Burn <sprite name=""Fire"">.
If there are 3 or more MagicCircles<sprite name=""MagicCircle""> <color=yellow>located on the Star<sprite name=""Star""></color>, fires 1 additional projectile.","3つの弾を発射します。
(ダメージ: <color=red>8</color>)
<color=yellow>ヒット時</color>: 炎<sprite name=""Fire"">を付与します。
<color=yellow>星<sprite name=""Star"">に位置する</color>魔法陣<sprite name=""MagicCircle"">が3つ以上の場合、1つの弾をさらに発射します。","3개의 투사체를 발사합니다.
(피해량: <color=red>8</color>)
<color=yellow>적중 시</color>: 화염<sprite name=""Fire"">을 부여합니다.
<color=yellow>별<sprite name=""Star"">에 위치한</color> 마법진<sprite name=""MagicCircle"">이 3개 이상이라면, 1개의 투사체를 더 발사합니다.","發射3個投射物。
(傷害: <color=red>8</color>)
<color=yellow>命中時</color>: 施加火焰<sprite name=""Fire"">。
如果<color=yellow>星<sprite name=""Star"">位置上</color>有3個以上法陣<sprite name=""MagicCircle"">，額外發射1個投射物。","Выпускает 3 снаряда.
(Урон: <color=red>8</color>)
<color=yellow>При попадании</color>: Накладывает Пламя<sprite name=""Fire"">.
Если <color=yellow>на позиции Звезды<sprite name=""Star""></color> размещено 3 или более Магических кругов<sprite name=""MagicCircle"">, выпускает дополнительно 1 снаряд."
Tile_TileDescription_FireBoltTile,"发射投射物。
(伤害: <color=red>8</color>)
<color=yellow>命中时</color>: 施加火焰<sprite name=""Fire"">。
如果<color=yellow>星<sprite name=""Star"">位置上</color>有3个以上法阵<sprite name=""MagicCircle"">，额外发射1个投射物。","Fires a projectile. 
(Damage: <color=red>8</color>)
<color=yellow>On Hit</color>: Inflict 1 Burn <sprite name=""Fire"">.
If there are 3 or more MagicCircles<sprite name=""MagicCircle""> <color=yellow>located on the Star<sprite name=""Star""></color>, fires 1 additional projectile.","弾を発射します。 
(ダメージ: <color=red>8</color>)
<color=yellow>ヒット時</color>: 炎<sprite name=""Fire"">を付与します。
<color=yellow>星<sprite name=""Star"">に位置する</color>魔法陣<sprite name=""MagicCircle"">が3つ以上の場合、1つの弾をさらに発射します。","투사체를 발사합니다. 
(피해량: <color=red>8</color>)
<color=yellow>적중 시</color>: 화염<sprite name=""Fire"">을 부여합니다.
<color=yellow>별<sprite name=""Star"">에 위치한</color> 마법진<sprite name=""MagicCircle"">이 3개 이상이라면, 1개의 투사체를 더 발사합니다.","發射投射物。
(傷害: <color=red>8</color>)
<color=yellow>命中時</color>: 施加火焰<sprite name=""Fire"">。
如果<color=yellow>星<sprite name=""Star"">位置上</color>有3個以上法陣<sprite name=""MagicCircle"">，額外發射1個投射物。","Выпускает снаряд.
(Урон: <color=red>8</color>)
<color=yellow>При попадании</color>: Накладывает Пламя<sprite name=""Fire"">.
Если <color=yellow>на позиции Звезды<sprite name=""Star""></color> размещено 3 или более Магических кругов<sprite name=""MagicCircle"">, выпускает дополнительно 1 снаряд."
Tile_TileDescription_FrostStaffTile,"发射投射物。
(伤害: <color=red>15</color>)
<color=yellow>命中时</color>: 施加1层冻伤<sprite name=""Ice"">。","Fires a projectile.
(Damage: <color=red>15</color>)
<color=yellow>On Hit</color>: Inflict 1 Frostbite<sprite name=""Ice"">","弾を発射します。
(ダメージ：<color=red>15</color>)
<color=yellow>ヒット時</color>: 凍傷<sprite name=""Ice"">を1付与します。","투사체를 발사합니다.
(피해량: <color=red>15</color>)
<color=yellow>적중 시</color>: 동상<sprite name=""Ice"">을 1 부여합니다.","發射投射物。
(傷害: <color=red>15</color>)
<color=yellow>命中時</color>: 施加1層凍傷<sprite name=""Ice"">。","Выпускает снаряд.
(Урон: <color=red>15</color>)
<color=yellow>При попадании</color>: Накладывает 1 стак Обморожения<sprite name=""Ice"">."
Tile_TileDescription_HatTile,"获得15点屏障<sprite name=""Barrier"">。","Gain 15 Barrier<sprite name=""Barrier"">.","バリア<sprite name=""Barrier"">を15獲得します。","보호막<sprite name=""Barrier"">을 15 획득합니다.","獲得15點屏障<sprite name=""Barrier"">。","Получает 15 Барьера<sprite name=""Barrier"">."
Tile_TileDescription_HealTotemTile,"堆叠图腾<sprite name=""Totem"">。当3个图腾<sprite name=""Totem"">堆叠时触发。
<color=yellow>触发时</color>: 恢复<color=green>5</color>点体力。
<color=yellow>强化时</color>: 恢复量变为<color=green>2</color>倍。
<color=yellow>星<sprite name=""Star"">位置上的</color>每个召唤物<sprite name=""Summon"">使冷却时间减少10%。","Stacks totems <sprite name=""Totem"">. Activates when 3 totems <sprite name=""Totem""> are stacked.
<color=yellow>On activate</color>: Restores <color=green>2</color> health.
<color=yellow>On enhancement</color>: The amount recovered is doubled.
Cooldown is reduced by 10% for each summon <sprite name=""Summon""> <color=yellow>located on The Star<sprite name=""Star""></color>.","トーテム<sprite name=""Totem"">を積み重ねます。 3つのトーテム<sprite name=""Totem"">が積み重なると発動します。
<color=yellow>発動時</color>: 体力を<color=green>2</color>回復します。
<color=yellow>強化時</color>: 回復量が2倍になります。
<color=yellow>星<sprite name=""Star"">に位置する</color>召喚獣<sprite name=""Summon"">ごとにクールタイムが10%減少します。","토템<sprite name=""Totem"">을 쌓습니다. 3개의 토템<sprite name=""Totem"">이 쌓이면 발동합니다.
<color=yellow>발동 시</color>: 체력을 <color=green>5</color> 회복합니다.
<color=yellow>강화 시</color>: 회복량이 <color=green>2</color>배가 됩니다.
<color=yellow>별<sprite name=""Star"">에 위치한</color> 소환수<sprite name=""Summon"">마다 쿨타임이 10% 감소합니다.","堆疊圖騰<sprite name=""Totem"">。當3個圖騰<sprite name=""Totem"">堆疊時觸發。
<color=yellow>觸發時</color>: 恢復<color=green>5</color>點體力。
<color=yellow>強化時</color>: 恢復量變為<color=green>2</color>倍。
<color=yellow>星<sprite name=""Star"">位置上的</color>每個召喚物<sprite name=""Summon"">使冷卻時間減少10%。","Накапливает Тотемы<sprite name=""Totem"">. При накоплении 3 Тотемов<sprite name=""Totem""> срабатывает.
<color=yellow>При срабатывании</color>: Восстанавливает <color=green>5</color> здоровья.
<color=yellow>При усилении</color>: Восстановление увеличивается в <color=green>2</color> раза.
<color=yellow>Каждый Призыв<sprite name=""Summon""> на позиции Звезды<sprite name=""Star""></color> снижает время перезарядки на 10%."
Tile_TileDescription_HeartTile,"恢复<color=green>5</color>点体力。
如果<color=yellow>星<sprite name=""Star"">位置上</color>有3个以上法阵<sprite name=""MagicCircle"">，恢复<color=green>7</color>点体力。","Restores <color=green>5</color> health. 
If there are 3 or more magic circles <sprite name=""MagicCircle""> <color=yellow>located on the Star<sprite name=""Star""></color>, restores <color=green>7</color> health.","体力を<color=green>5</color>回復します。
<color=yellow>星<sprite name=""Star"">に位置する</color>魔法陣<sprite name=""MagicCircle"">が3つ以上の場合、体力を<color=green>7</color>回復します。","체력을 <color=green>5</color>회복합니다.
<color=yellow>별<sprite name=""Star"">에 위치한</color> 마법진<sprite name=""MagicCircle"">이 3개 이상이라면, 체력을 <color=green>7</color>회복합니다.","恢復<color=green>5</color>點體力。
如果<color=yellow>星<sprite name=""Star"">位置上</color>有3個以上法陣<sprite name=""MagicCircle"">，恢復<color=green>7</color>點體力。","Восстанавливает <color=green>5</color> здоровья.
Если <color=yellow>на позиции Звезды<sprite name=""Star""></color> размещено 3 или более Магических кругов<sprite name=""MagicCircle"">, восстанавливает <color=green>7</color> здоровья."
Tile_TileDescription_IcicleTile,"星云(3)<sprite name=""Nebula"">: 发射投射物。
(伤害:<color=red>7</color>)
<color=red>命中时:</color> 施加1层冻伤<sprite name=""Ice"">。","Nebula (3)<sprite name=""Nebula"">: Fires a projectile.
(Damage:<color=red>7</color>)
<color=red>On Hit:</color> Inflict 1 Frostbite<sprite name=""Ice"">","星雲(3)<sprite name=""Nebula"">: 弾を発射します。
(ダメージ：<color=red>7</color>)
<color=red>ヒット時：</color>凍傷<sprite name=""Ice"">を1付与します。","성운(3)<sprite name=""Nebula"">: 투사체를 발사합니다.
(피해량:<color=red>7</color>)
<color=red>적중 시:</color> 동상<sprite name=""Ice"">을 1 부여합니다.","星雲(3)<sprite name=""Nebula"">: 發射投射物。
(傷害:<color=red>7</color>)
<color=red>命中時:</color> 施加1層凍傷<sprite name=""Ice"">。","Туманность(3)<sprite name=""Nebula"">: Выпускает снаряд.
(Урон:<color=red>7</color>)
<color=red>При попадании:</color> Накладывает 1 стак Обморожения<sprite name=""Ice"">."
Tile_TileDescription_KoreaTotemTile,"堆叠图腾<sprite name=""Totem"">。当3个图腾<sprite name=""Totem"">堆叠时触发。
<color=yellow>触发时</color>: 4秒内对敌人施加10点临时诅咒<sprite name=""Curse"">。临时诅咒可以超过诅咒限制。
<color=yellow>强化时</color>: 临时诅咒<sprite name=""Curse"">增加至20。
<color=yellow>星<sprite name=""Star"">位置上的</color>每个召唤物<sprite name=""Summon"">使冷却时间减少10%。","Stacks Totems<sprite name=""Totem"">. Activates at 3 stacks.
<color=yellow>On Activation</color>: Applies 10 temp curse<sprite name=""Curse""> to enemies for 4s. Temp curses exceed curse limit.
<color=yellow>Enhanced</color>: Temp curse<sprite name=""Curse""> becomes 20.
<color=yellow>Each summon<sprite name=""Summon""> at Star<sprite name=""Star""></color> reduces cooldown by 10%.","トーテム<sprite name=""Totem"">を積みます。3個のトーテム<sprite name=""Totem"">が積まれると発動します。
<color=yellow>発動時</color>: 4秒間敵に一時的な呪い<sprite name=""Curse"">を10付与します。一時的な呪いは呪いの制限を超えることができます。
<color=yellow>強化時</color>: 一時的な呪い<sprite name=""Curse"">を20に増加します。
<color=yellow>星<sprite name=""Star"">の位置にいる</color>召喚獣<sprite name=""Summon"">1体につきクールタイムが10%減少します。","토템<sprite name=""Totem"">을 쌓습니다. 3개의 토템<sprite name=""Totem"">이 쌓이면 발동합니다.
<color=yellow>발동 시</color>: 4초 동안 적에게 임시 저주<sprite name=""Curse"">를 10 부여합니다. 임시 저주는 저주 한도를 초과할 수 있습니다.
<color=yellow>강화 시</color>: 임시 저주<sprite name=""Curse"">를 20으로 증가합니다. 
<color=yellow>별<sprite name=""Star"">에 위치한</color> 소환수<sprite name=""Summon"">마다 쿨타임이 10% 감소합니다.","堆疊圖騰<sprite name=""Totem"">。當3個圖騰<sprite name=""Totem"">堆疊時觸發。
<color=yellow>觸發時</color>: 4秒內對敵人施加10點臨時詛咒<sprite name=""Curse"">。臨時詛咒可以超過詛咒限制。
<color=yellow>強化時</color>: 臨時詛咒<sprite name=""Curse"">增加至20。
<color=yellow>星<sprite name=""Star"">位置上的</color>每個召喚物<sprite name=""Summon"">使冷卻時間減少10%。","Накапливает Тотемы<sprite name=""Totem"">. При накоплении 3 Тотемов<sprite name=""Totem""> срабатывает.
<color=yellow>При срабатывании</color>: На 4 секунды накладывает на врагов 10 временных Проклятий<sprite name=""Curse"">. Временные проклятия могут превышать лимит проклятий.
<color=yellow>При усилении</color>: Временное Проклятие<sprite name=""Curse""> увеличивается до 20.
<color=yellow>Каждый Призыв<sprite name=""Summon""> на позиции Звезды<sprite name=""Star""></color> снижает время перезарядки на 10%."
Tile_TileDescription_RobeTile,"获得30点屏障<sprite name=""Barrier"">。","Gain 30 Barrier<sprite name=""Barrier"">.","バリア<sprite name=""Barrier"">を30獲得します。","보호막<sprite name=""Barrier"">을 30 획득합니다.","獲得30點屏障<sprite name=""Barrier"">。","Получает 30 Барьера<sprite name=""Barrier"">."
Tile_TileDescription_SwordTile,"召唤剑<sprite name=""Sword"">并使所有剑进行攻击。
(伤害: <color=red>5</color>)
<color=yellow>星<sprite name=""Star"">位置上的</color>每个召唤物<sprite name=""Summon"">使冷却时间减少10%。","Summon a Sword<sprite name=""Sword""> and all swords attack. 
(Damage: <color=red>5</color>) 
Cooldown is reduced by 10% for each Summon<sprite name=""Summon""> <color=yellow>located on the Star<sprite name=""Star""></color>.","剣<sprite name=""Sword"">を召喚し、すべての剣が攻撃します。 
(ダメージ: <color=red>5</color>)
<color=yellow>星<sprite name=""Star"">に位置する</color>召喚獣<sprite name=""Summon"">ごとにクールタイムが10%減少します。","검<sprite name=""Sword"">을 소환하고 모든 검이 공격합니다. 
(피해량: <color=red>5</color>)
<color=yellow>별<sprite name=""Star"">에 위치한</color> 소환수<sprite name=""Summon"">마다 쿨타임이 10% 감소합니다.","召喚劍<sprite name=""Sword"">並使所有劍進行攻擊。
(傷害: <color=red>5</color>)
<color=yellow>星<sprite name=""Star"">位置上的</color>每個召喚物<sprite name=""Summon"">使冷卻時間減少10%。","Призывает Меч<sprite name=""Sword""> и заставляет все мечи атаковать.
(Урон: <color=red>5</color>)
<color=yellow>Каждый Призыв<sprite name=""Summon""> на позиции Звезды<sprite name=""Star""></color> снижает время перезарядки на 10%."
Tile_TileDescription_WarFlagTile,"召唤3把剑<sprite name=""Sword"">，每次召唤时所有剑<sprite name=""Sword"">都会攻击。
(伤害: <color=red>5</color>)
<color=yellow>星<sprite name=""Star"">位置上的</color>每个召唤物<sprite name=""Summon"">使冷却时间减少10%。","Summon 3 Swords <sprite name=""Sword""> and each time you summon them, all Swords <sprite name=""Sword""> will attack. 
(Damage: <color=red>5</color>) 
Cooldown is reduced by 10% for each Summon <sprite name=""Summon""> <color=yellow>located on the Star <sprite name=""Star"">.","剣<sprite name=""Sword"">を3つ召喚し召喚するたびに、すべての剣<sprite name=""Sword"">が攻撃します。 
(ダメージ: <color=red>5</color>)
<color=yellow>星<sprite name=""Star"">に位置する</color>召喚獣<sprite name=""Summon"">ごとにクールタイムが10%減少します。","검<sprite name=""Sword"">을 3개 소환하고 소환할 때마다 모든 검<sprite name=""Sword"">이 공격합니다. 
(피해량: <color=red>5</color>)
<color=yellow>별<sprite name=""Star"">에 위치한</color> 소환수<sprite name=""Summon"">마다 쿨타임이 10% 감소합니다.","召喚3把劍<sprite name=""Sword"">，每次召喚時所有劍<sprite name=""Sword"">都會攻擊。
(傷害: <color=red>5</color>)
<color=yellow>星<sprite name=""Star"">位置上的</color>每個召喚物<sprite name=""Summon"">使冷卻時間減少10%。","Призывает 3 Меча<sprite name=""Sword"">, при каждом призыве все Мечи<sprite name=""Sword""> атакуют.
(Урон: <color=red>5</color>)
<color=yellow>Каждый Призыв<sprite name=""Summon""> на позиции Звезды<sprite name=""Star""></color> снижает время перезарядки на 10%."
Tile_TileDescription_ClockTile,"<color=yellow>星<sprite name=""Star"">位置上的</color>星座冷却时间减少25%","The cooldown of Constellation <color=yellow>located on the Star <sprite name=""Star></color> is reduced by 25%.","<color=yellow>星<sprite name=""Star>に位置する</color>星座のクールタイムが25％減少します。","<color=yellow>별<sprite name=""Star>에 위치한</color> 별자리의 쿨타임이 25% 감소합니다","<color=yellow>星<sprite name=""Star"">位置上的</color>星座冷卻時間減少25%","<color=yellow>Созвездия на позиции Звезды<sprite name=""Star""></color> имеют время перезарядки на 25% меньше"
Tile_TileDescription_CloudTile,"施加冻伤<sprite name=""Ice"">时有20%概率额外施加一次。
施加火焰<sprite name=""Fire"">时有20%概率不施加。","When inflicting Frostbite<sprite name=""Ice"">, there is a 20% chance to inflict it again.
When inflicting Burn<sprite name=""fire"">, there is a 20% chance to not inflict it.","凍傷 <sprite name=""Ice""> を付与するとき、20% の確率でもう一度付与します。
炎<sprite name=""fire"">を付与する場合、20%の確率で付与しません。","동상<sprite name=""Ice"">을 부여할 때 20% 확률로 한번 더 부여합니다.
화염<sprite name=""fire"">을 부여할 때 20% 확률로 부여하지 않습니다.","施加凍傷<sprite name=""Ice"">時有20%概率額外施加一次。
施加火焰<sprite name=""Fire"">時有20%概率不施加。","При наложении Обморожения<sprite name=""Ice""> с вероятностью 20% накладывает дополнительно один раз.
При наложении Пламени<sprite name=""Fire""> с вероятностью 20% не накладывает."
Tile_TileDescription_CrowTile,"<color=yellow>战斗开始时</color>: 召唤乌鸦。
<color=yellow>消耗15点屏障<sprite name=""Barrier"">时</color>: 对敌人施加烙印<sprite name=""Mark"">。","<color=yellow>Start of battle</color>: Summon a crow.
<color=yellow>When 15 Barriers<sprite name=""Barrier""> are consumed</color>: Mark enemies with a Mark<sprite name=""Mark"">.","<color=yellow>戦闘開始時</color>: カラスを召喚します。
<color=yellow>バリア<sprite name=""Barrier""> 15消費時</color>：敵に烙印<sprite name=""Mark"">を付与します。","<color=yellow>전투 시작 시</color>: 까마귀를 소환합니다.
<color=yellow>보호막<sprite name=""Barrier""> 15 소모 시</color>: 적에게 낙인<sprite name=""Mark"">을 부여합니다.","<color=yellow>戰鬥開始時</color>: 召喚烏鴉。
<color=yellow>消耗15點屏障<sprite name=""Barrier"">時</color>: 對敵人施加烙印<sprite name=""Mark"">。","<color=yellow>В начале боя</color>: Призывает ворона.
<color=yellow>При расходе 15 Барьера<sprite name=""Barrier""></color>: Накладывает на врага Метку<sprite name=""Mark"">."
Tile_TileDescription_FlamingSwordTile,"下次攻击时所有剑<sprite name=""Sword"">施加1层火焰<sprite name=""Fire"">。召唤一把剑<sprite name=""Sword"">并使所有剑攻击。
(伤害: <color=red>5</color>)
<color=yellow>星<sprite name=""Star"">位置上的</color>每个召唤物<sprite name=""Summon"">使冷却时间减少10%。","On the next attack, all swords <sprite name=""Sword""> will inflict 1 Burn <sprite name=""Fire"">. Summon a sword <sprite name=""Sword""> and all swords will attack.
(Damage: <color=red>5</color>)
Cooldown is reduced by 10% for each summon <sprite name=""Summon""> <color=yellow>located on the Star <sprite name=""Star"">.","次の攻撃では、すべての剣<sprite name=""Sword"">が炎<sprite name=""Fire"">を1付与します。
(ダメージ: <color=red>5</color>)
<color=yellow>星<sprite name=""Star"">に位置する</color>召喚獣<sprite name=""Summon"">ごとにクールタイムが10%減少します。","다음 공격 시 모든 검<sprite name=""Sword"">이 화염<sprite name=""Fire"">을 1 부여합니다. 검<sprite name=""Sword"">을 한 개 소환하고 모든 검이 공격합니다.
(피해량: <color=red>5</color>)
<color=yellow>별<sprite name=""Star"">에 위치한</color> 소환수<sprite name=""Summon"">마다 쿨타임이 10% 감소합니다.","下次攻擊時所有劍<sprite name=""Sword"">施加1層火焰<sprite name=""Fire"">。召喚一把劍<sprite name=""Sword"">並使所有劍攻擊。
(傷害: <color=red>5</color>)
<color=yellow>星<sprite name=""Star"">位置上的</color>每個召喚物<sprite name=""Summon"">使冷卻時間減少10%。","При следующей атаке все Мечи<sprite name=""Sword""> накладывают 1 стак Пламени<sprite name=""Fire"">. Призывает один Меч<sprite name=""Sword""> и заставляет все мечи атаковать.
(Урон: <color=red>5</color>)
<color=yellow>Каждый Призыв<sprite name=""Summon""> на позиции Звезды<sprite name=""Star""></color> снижает время перезарядки на 10%."
Tile_TileDescription_FrostHammerTile,"发射投射物。如果目标处于冰冻<sprite name=""Freeze"">状态，伤害变为<color=green>10</color>倍。<color=red>解除冰冻状态。</color>
(伤害:<color=red>30</color>)
<color=yellow>命中时</color>: 施加冻伤<sprite name=""Ice"">。","Fires a projectile. If the target is frozen, the damage is multiplied by <color=green>10</color>. <color=red>Removes the frozen state.</color>
(Damage: <color=red>30</color>)
<color=yellow>On Hit</color>: Inflicts 1  Frostbite<sprite name=""Ice"">","弾を発射します。対象が氷結<sprite name=""Freeze"">状態の場合、ダメージが<color=green>10</color>倍になります。 
<color=red>氷結状態を解除します。</color>
（ダメージ：<color=red>30</color>）
<color=yellow>ヒット時</color>：凍傷<sprite name=""Ice"">を付与します。","투사체를 발사합니다. 대상이 빙결<sprite name=""Freeze""> 상태면 피해량이 <color=green>10</color>배가 됩니다. <color=red>빙결 상태를 해제합니다.</color>
(피해량:<color=red>30</color>)
<color=yellow>적중 시</color>: 동상<sprite name=""Ice"">을 부여합니다.","發射投射物。如果目標處於冰凍<sprite name=""Freeze"">狀態，傷害變為<color=green>10</color>倍。<color=red>解除冰凍狀態。</color>
(傷害:<color=red>30</color>)
<color=yellow>命中時</color>: 施加凍傷<sprite name=""Ice"">。","Выпускает снаряд. Если цель заморожена<sprite name=""Freeze"">, урон увеличивается в <color=green>10</color> раз. <color=red>Снимает заморозку.</color>
(Урон:<color=red>30</color>)
<color=yellow>При попадании</color>: Накладывает Обморожение<sprite name=""Ice"">."
Tile_TileDescription_GoddessTile,"<color=yellow>星<sprite name=""Star"">位置上的</color>武器<sprite name=""Weapon"">伤害增加<color=green>3</color>点。","The damage of the Weapon<sprite name=""Weapon""><color=yellow>located on the Star<sprite name=""Star""></color> increases by <color=green>3</color>.","<color=yellow>星<sprite name=""Star"">に位置する</color>武器<sprite name=""Weapon"">のダメージが<color=green>3</color>上昇します。","<color=yellow>별<sprite name=""Star"">에 위치한</color> 무기<sprite name=""Weapon"">의 피해량이 <color=green>3</color> 상승합니다.","<color=yellow>星<sprite name=""Star"">位置上的</color>武器<sprite name=""Weapon"">傷害增加<color=green>3</color>點。","<color=yellow>Оружие<sprite name=""Weapon""> на позиции Звезды<sprite name=""Star""></color> получает <color=green>3</color> дополнительного урона."
Tile_TileDescription_GuideStaffTile,"发射蕴含初心者幸运的投射物。
(伤害: <color=red>10</color>)
<color=yellow>星<sprite name=""Star"">位置上的</color>每个武器<sprite name=""Weapon"">使伤害增加5点。","Fires a projectile filled with beginner's luck. 
(Damage: <color=red>10</color>)
Damage increases by 5 for each weapon<sprite name=""Weapon""> <color=yellow>located on the Star<sprite name=""Star""></color>.","初心者の幸運を込めた弾を発射します。
(ダメージ：<color=red>10</color>）
<color=yellow>星<sprite name=""Star"">の位置にある</color>武器<sprite name=""Weapon"">1つにつきダメージが5増加します。","초심자의 행운을 담은 투사체를 발사합니다.
(피해량: <color=red>10</color>)
<color=yellow>별<sprite name=""Star"">에 위치한</color> 무기<sprite name=""Weapon"">마다 피해량이 5 증가합니다.","發射蘊含初心者幸運的投射物。
(傷害: <color=red>10</color>)
<color=yellow>星<sprite name=""Star"">位置上的</color>每個武器<sprite name=""Weapon"">使傷害增加5點。","Выпускает снаряд, содержащий удачу новичка.
(Урон: <color=red>10</color>)
<color=yellow>Каждое Оружие<sprite name=""Weapon""> на позиции Звезды<sprite name=""Star""></color> увеличивает урон на 5."
Tile_TileDescription_HauntedDollTile,"施加诅咒<sprite name=""Curse"">。根据诅咒<sprite name=""Curse"">累积量触发额外效果。
<color=yellow>20</color>: 施加1层冻伤<sprite name=""Ice"">。
<color=yellow>30</color>: 施加5层火焰<sprite name=""Fire"">。
<color=yellow>40</color>: 施加烙印<sprite name=""Mark"">。
<color=yellow>50</color>: 恢复<color=green>5</color>点体力。
<color=yellow>60</color>: 施加1层痛苦<sprite name=""Pain"">。
如果<color=yellow>星<sprite name=""Star"">位置上</color>有3个以上法阵<sprite name=""MagicCircle"">，施加2点诅咒<sprite name=""Curse"">。","Grants Curse<sprite name=""Curse"">. Additional effects are triggered based on the amount of Curse<sprite name=""Curse""> accumulated.
<color=yellow>20</color>: inflict 2 Frostbite<sprite name=""Ice"">.
<color=yellow>30</color>: inflict 5 Burn<sprite name=""Fire"">.
<color=yellow>40</color>: inflict Mark<sprite name=""Mark"">.
<color=yellow>50</color>: Restores <color=green>5</color> Health.
<color=yellow>60</color>: inflict 1 Pain<sprite name=""Pain"">. If there are 3 or more Magic Circles <sprite name=""MagicCircle""> <color=yellow>located on the Star<sprite name=""Star""></color>, inflict 2 Curses <sprite name=""Curse"">.","呪い<sprite name=""Curse"">を付与します。呪い<sprite name=""Curse"">がたまった量に応じて追加効果を発動します。
<color=yellow>20</color>: 凍傷 <sprite name=""Ice""> を 1 付与します。
<color=yellow>30</color>: 炎 <sprite name=""Fire""> を 5 付与します。
<color=yellow>40</color>: 烙印<sprite name=""Mark"">を付与します。
<color=yellow>50</color>: 体力を<color=green>5</color>回復します。
<color=yellow>60</color>: 痛み<sprite name=""Pain"">を1付与します。
<color=yellow>星<sprite name=""Star"">に位置する</color>魔法陣<sprite name=""MagicCircle"">が3つ以上の場合、呪い<sprite name=""Curse"">を2付与します。","저주<sprite name=""Curse"">를 부여합니다. 저주<sprite name=""Curse"">가 쌓인 양에 따라 추가 효과를 발동합니다. 
<color=yellow>20</color>: 동상<sprite name=""ice"">을 1 부여합니다. 
<color=yellow>30</color>: 화염<sprite name=""fire"">을 5 부여합니다. 
<color=yellow>40</color>: 낙인<sprite name=""mark"">을 부여합니다. 
<color=yellow>50</color>: 체력을 <color=green>5</color> 회복합니다. 
<color=yellow>60</color>: 고통<sprite name=""Pain"">을 1 부여합니다. 
<color=yellow>별<sprite name=""Star"">에 위치한</color> 마법진<sprite name=""MagicCircle"">이 3개 이상이라면, 저주<sprite name=""Curse"">를 2 부여합니다.","施加詛咒<sprite name=""Curse"">。根據詛咒<sprite name=""Curse"">累積量觸發額外效果。
<color=yellow>20</color>: 施加1層凍傷<sprite name=""Ice"">。
<color=yellow>30</color>: 施加5層火焰<sprite name=""Fire"">。
<color=yellow>40</color>: 施加烙印<sprite name=""Mark"">。
<color=yellow>50</color>: 恢復<color=green>5</color>點體力。
<color=yellow>60</color>: 施加1層痛苦<sprite name=""Pain"">。
如果<color=yellow>星<sprite name=""Star"">位置上</color>有3個以上法陣<sprite name=""MagicCircle"">，施加2點詛咒<sprite name=""Curse"">。","Накладывает Проклятие<sprite name=""Curse"">. В зависимости от накопленного количества Проклятий<sprite name=""Curse""> срабатывают дополнительные эффекты.
<color=yellow>20</color>: Накладывает 1 стак Обморожения<sprite name=""Ice"">.
<color=yellow>30</color>: Накладывает 5 стаков Пламени<sprite name=""Fire"">.
<color=yellow>40</color>: Накладывает Метку<sprite name=""Mark"">.
<color=yellow>50</color>: Восстанавливает <color=green>5</color> здоровья.
<color=yellow>60</color>: Накладывает 1 стак Боли<sprite name=""Pain"">.
Если <color=yellow>на позиции Звезды<sprite name=""Star""></color> размещено 3 или более Магических кругов<sprite name=""MagicCircle"">, накладывает 2 Проклятия<sprite name=""Curse"">."
Tile_TileDescription_KabutoTile,"<color=yellow>战斗开始时</color>: 召唤蛹。
<color=yellow>蛹状态</color>: 消耗20点屏障<sprite name=""Barrier"">后变为成虫。
<color=yellow>成虫状态</color>: 4秒内消耗所有获得的屏障<sprite name=""Barrier"">。4秒后发射强力投射物，然后回到蛹状态。
(伤害: <color=red>消耗的屏障 X 3 + 60 </color>)
<color=yellow>星<sprite name=""Star"">位置上的</color>每个召唤物<sprite name=""Summon"">使冷却时间减少10%。","<color=yellow>Start of battle</color>: Summon a pupa.
<color=yellow>Pupa</color>: Consumes 20 Barrier<sprite name=""Barrier""> to become an adult.
<color=yellow>Adult</color>: Consumes all Barrier<sprite name=""Barrier""> gained for 4 seconds. After 4 seconds, fires a powerful projectile, then returns to the pupa.
(Damage: <color=red>Barrier consumed X 3 + 60​​</color>)
Cooldown is reduced by 10% for each summoned<sprite name=""Summon""> <color=yellow>located on the Star<sprite name=""Star"">.","<color=yellow>戦闘開始時</color>: 蛹を召喚します。
<color=yellow>蛹状態</color>: 20のバリア<sprite name=""Barrier"">を消費すると成虫になります。
<color=yellow>成虫状態</color>: 4秒間獲得したバリア<sprite name=""Barrier"">をすべて消費します。 4秒後に強力な弾を発射した後、蛹に戻ります。
(ダメージ：<color=red>消費したバリアⅹ 3 + 60</color>）
<color=yellow>星<sprite name=""Star"">に位置する</color>召喚獣<sprite name=""Summon"">ごとにクールタイムが10%減少します。","<color=yellow>전투 시작 시</color>: 번데기를 소환합니다.
<color=yellow>번데기 상태</color>: 20의 보호막<sprite name=""Barrier"">을 소모하면 성충이 됩니다.
<color=yellow>성충 상태</color>: 4초간 획득한 보호막<sprite name=""Barrier"">을 모두 소모합니다. 4초 뒤 강력한 투사체를 발사한 뒤, 번데기로 돌아갑니다.
(피해량: <color=red>소모한 보호막 X 3 + 60 </color>)
<color=yellow>별<sprite name=""Star"">에 위치한</color> 소환수<sprite name=""Summon"">마다 쿨타임이 10% 감소합니다.","<color=yellow>戰鬥開始時</color>: 召喚蛹。
<color=yellow>蛹狀態</color>: 消耗20點屏障<sprite name=""Barrier"">後變為成蟲。
<color=yellow>成蟲狀態</color>: 4秒內消耗所有獲得的屏障<sprite name=""Barrier"">。4秒後發射強力投射物，然後回到蛹狀態。
(傷害: <color=red>消耗的屏障 X 3 + 60 </color>)
<color=yellow>星<sprite name=""Star"">位置上的</color>每個召喚物<sprite name=""Summon"">使冷卻時間減少10%。","<color=yellow>В начале боя</color>: Призывает куколку.
<color=yellow>Состояние куколки</color>: При расходе 20 Барьера<sprite name=""Barrier""> превращается во взрослую особь.
<color=yellow>Состояние взрослой особи</color>: В течение 4 секунд расходует весь полученный Барьер<sprite name=""Barrier"">. Через 4 секунды выпускает мощный снаряд, затем возвращается в состояние куколки.
(Урон: <color=red>Потраченный барьер X 3 + 60 </color>)
<color=yellow>Каждый Призыв<sprite name=""Summon""> на позиции Звезды<sprite name=""Star""></color> снижает время перезарядки на 10%."
Tile_TileDescription_ManaAITile,"<color=red>无法踩踏激活。无法通过。</color>
<color=yellow>星<sprite name=""Star"">位置上的</color><color=orange>魔力炮塔</color>每3秒自动攻击一次。","<color=red>Cannot be stepped on. Cannot pass through.</color>
<color=orange>Mana turrets</color> <color=yellow>located on the Star<sprite name=""Star""></color> perform an auto-attack once every 3 seconds.","<color=red>踏んで発動させることはできません。通過できません。</color>
<color=yellow>星<sprite name=""Star"">に位置する</color><color=orange>マナ砲塔</color>が3秒に1回自動攻撃を実行します。","<color=red>밟아서 발동시킬 수 없습니다. 통과할 수 없습니다.</color>
<color=yellow>별<sprite name=""Star"">에 위치한</color> <color=orange>마나 포탑</color>이 3초에 한 번 자동 공격을 실행합니다.","<color=red>無法踩踏激活。無法通過。</color>
<color=yellow>星<sprite name=""Star"">位置上的</color><color=orange>魔力砲塔</color>每3秒自動攻擊一次。","<color=red>Нельзя активировать наступанием. Непроходимо.</color>
<color=yellow><color=orange>Мана-башня</color> на позиции Звезды<sprite name=""Star""></color> автоматически атакует каждые 3 секунды."
Tile_TileDescription_ManaTurretTile,"<color=red>无法踩踏激活。无法通过。</color>
<color=yellow>星<sprite name=""Star"">位置上的</color>武器<sprite name=""Weapon"">发动时一起攻击。
商店中出<color=orange>现法力人工智能</color>。
(伤害: <color=red>15</color>)(伤害：<color=red>15</color>)","<color=red>Cannot be activated by stepping on it. Cannot pass through it.</color>
Attacks together when activating a Weapon <sprite name=""Weapon""> <color=yellow>located on the Star<sprite name=""Star""></color>.
<color=orange>Mana AI</color> appears in the shop.
(Damage: <color=red>15</color>)","<color=red>踏んで発動させることはできません。通過できません。</color>
<color=yellow>星<sprite name=""Star"">に位置する</color>武器<sprite name=""Weapon"">発動時に一緒に攻撃します。
店に<color=orange>マナAI</color>が登場します。 
(ダメージ：<color=red>15</color>）","<color=red>밟아서 발동시킬 수 없습니다. 통과할 수 없습니다.</color>
<color=yellow>별<sprite name=""Star"">에 위치한</color> 무기<sprite name=""Weapon""> 발동 시 함께 공격합니다.
상점에 <color=orange>마나AI</color>가 등장합니다. 
(피해량: <color=red>15</color>)","<color=red>無法踩踏激活。無法通過。</color>
<color=yellow>星<sprite name=""Star"">位置上的</color>武器<sprite name=""Weapon"">發動時一起攻擊。
商店中出現<color=orange>魔力AI</color>。
(傷害: <color=red>15</color>)","<color=red>Нельзя активировать наступанием. Непроходимо.</color>
<color=yellow>Оружие<sprite name=""Weapon""> на позиции Звезды<sprite name=""Star""></color> атакует вместе при активации.
В магазине появляется <color=orange>Мана ИИ</color>.
(Урон: <color=red>15</color>)"
Tile_TileDescription_NecronomiconTile,"发射一枚投射物，造成的伤害与敌人受到的诅咒<sprite name=""Curse"">数量成正比。
(伤害：<color=red>诅咒<sprite name=""Curse"">（最低1级）</color>)
如果<color=yellow>星<sprite name=""Star"">上有3个或更多魔法阵<sprite name=""MagicCircle"">，则伤害增加<color=red>诅咒<sprite name=""Curse""> x 2</color>。","Fires a projectile that deals damage proportional to the number of Curses<sprite name=""Curse""> inflicted on the enemy. 
(Damage: <color=red>Curse<sprite name=""Curse""> (Minimum 1)</color>) 
If there are 3 or more Magic Circles<sprite name=""MagicCircle""> <color=yellow>located on the Star<sprite name=""Star""></color>, the damage increases by <color=red>Curse<sprite name=""Curse""> x 2</color>.","敵に付与された呪い<sprite name=""Curse"">個数に比例してダメージが増加する弾を発射します。 
(ダメージ：<color=red>呪い<sprite name=""Curse"">の数（最小1）</color>)
<color=yellow>星に位置する<sprite name=""Star""></color>魔法陣<sprite name=""MagicCircle"">が3つ以上の場合、ダメージが<color=red>呪い<sprite name=""Curse"">の数X 2</color>に増加します。","적에게 부여된 저주<sprite name=""Curse""> 개수에 비례해 피해가 증가하는 투사체를 발사합니다. 
(피해량: <color=red>저주<sprite name=""Curse""> 개수 (최소 1)</color>)
<color=yellow>별<sprite name=""Star"">에 위치한</color> 마법진<sprite name=""MagicCircle"">이 3개 이상이라면, 피해량이 <color=red>저주<sprite name=""Curse""> 개수 X 2</color>로 증가합니다.","發射傷害隨敵人身上詛咒<sprite name=""Curse"">數量增加的投射物。
(傷害: <color=red>詛咒<sprite name=""Curse"">數量 (最小1)</color>)
如果<color=yellow>星<sprite name=""Star"">位置上</color>有3個以上法陣<sprite name=""MagicCircle"">，傷害增加至<color=red>詛咒<sprite name=""Curse"">數量 X 2</color>。","Выпускает снаряд с уроном, пропорциональным количеству Проклятий<sprite name=""Curse""> на враге.
(Урон: <color=red>Количество Проклятий<sprite name=""Curse""> (минимум 1)</color>)
Если <color=yellow>на позиции Звезды<sprite name=""Star""></color> размещено 3 или более Магических кругов<sprite name=""MagicCircle"">, урон увеличивается до <color=red>Количество Проклятий<sprite name=""Curse""> X 2</color>."
Tile_TileDescription_PhantomTile,"<color=yellow>战斗开始时</color>: 将诅咒<sprite name=""Curse"">数量上限提升至45。根据提升的上限，诅咒人偶获得额外能力。
<color=yellow>持有时</color>: <color=orange>幽灵</color>不会出现在商店中。
<color=yellow>发动时</color>: 失去所有诅咒<sprite name=""Curse"">。
如果<color=yellow>星<sprite name=""Star"">位置上</color>有3个以上法阵<sprite name=""MagicCircle"">，将诅咒<sprite name=""Curse"">数量上限提升至60。","<color=yellow>Start of battle</color>:  Increase Curse<sprite name=""Curse"">  limit to 45. The Cursed doll gains additional abilities based on the increased maximum. 
<color=yellow>When held</color>: <color=orange>Wraith</color> will not appear in the shop.
<color=yellow>On activate</color>: <color=Red>Lose all Curses<sprite name=""Curse""></color>. 
If there are 3 or more Magic Circles<sprite name=""MagicCircle""><color=yellow>located on the Star<sprite name=""Star""></color>, increase the maximum number of Curses<sprite name=""Curse""> to 60.","<color=yellow>戦闘開始時</color>: 呪い<sprite name=""Curse"">個数の最大値を45に上げます。
<color=yellow>所持していると</color>: <color=orange>亡霊</color>がショップに出現しません。
上がった最大値に応じて、呪い人形に追加の能力があります。
<color=yellow>発動時</color>：呪い<sprite name=""Curse"">をすべて失います。
<color=yellow>星<sprite name=""Star"">に位置する</color>魔法陣<sprite name=""MagicCircle"">が3つ以上の場合、呪い<sprite name=""Curse"">個数の最大値を60に上げます。","<color=yellow>전투 시작 시</color>: 저주<sprite name=""Curse""> 개수의 최대치를 45로 올립니다. 올라간 최대치에 따라 저주 인형에 추가 능력이 생깁니다. 
<color=yellow>보유 시</color>: <color=orange>망령</color>이 상점에 등장하지 않습니다. 
<color=yellow>발동 시</color>: 저주<sprite name=""Curse""> 를 모두 잃습니다. 
<color=yellow>별<sprite name=""Star"">에 위치한</color> 마법진<sprite name=""MagicCircle"">이 3개 이상이라면, 저주<sprite name=""Curse""> 개수의 최대치를 60으로 올립니다.","<color=yellow>戰鬥開始時</color>: 將詛咒<sprite name=""Curse"">數量上限提升至45。根據提升的上限，詛咒人偶獲得額外能力。
<color=yellow>持有時</color>: <color=orange>亡靈</color>不會出現在商店中。
<color=yellow>發動時</color>: 失去所有詛咒<sprite name=""Curse"">。
如果<color=yellow>星<sprite name=""Star"">位置上</color>有3個以上法陣<sprite name=""MagicCircle"">，將詛咒<sprite name=""Curse"">數量上限提升至60。","<color=yellow>В начале боя</color>: Повышает лимит количества Проклятий<sprite name=""Curse""> до 45. В зависимости от повышенного лимита кукла проклятий получает дополнительные способности.
<color=yellow>При владении</color>: <color=orange>Призрак</color> не появляется в магазине.
<color=yellow>При активации</color>: Теряет все Проклятия<sprite name=""Curse"">.
Если <color=yellow>на позиции Звезды<sprite name=""Star""></color> размещено 3 или более Магических кругов<sprite name=""MagicCircle"">, повышает лимит количества Проклятий<sprite name=""Curse""> до 60."
Tile_TileDescription_RainbowTile,"对敌人施加1层火焰<sprite name=""Fire"">、冻伤<sprite name=""Ice"">、诅咒<sprite name=""Curse"">。
如果<color=yellow>星<sprite name=""Star"">位置上</color>有3个以上法阵<sprite name=""MagicCircle"">，额外施加1层火焰<sprite name=""Fire"">、诅咒<sprite name=""Curse"">。","Inflict 1 Burn<sprite name=""Fire"">, 1 Frostbite<sprite name=""Ice"">, 1 Curse<sprite name=""Curse""> to the enemy. 
If there are 3 or more </color>Magic Circles<sprite name=""MagicCircle""> <color=yellow>located on the Star<sprite name=""Star""></color>, Inflict 1 additional Burn<sprite name=""Fire"">,Curse<sprite name=""Curse"">.","敵に炎<sprite name=""Fire"">, 凍傷<sprite name=""Ice"">, 呪い<sprite name=""Curse"">を1ずつ付与します
<color=yellow>星に位置する<sprite name=""Star""></color>魔法陣<sprite name=""MagicCircle"">が3つ以上の場合、炎<sprite name=""Fire"">, 呪い<sprite name=""Curse"">を1追加で付与します","적에게 화염<sprite name=""Fire"">, 동상<sprite name=""Ice"">, 저주<sprite name=""Curse"">를 1씩 부여합니다.
<color=yellow>별<sprite name=""Star"">에 위치한</color> 마법진<sprite name=""MagicCircle"">이 3개 이상이라면, 화염<sprite name=""Fire"">, 저주<sprite name=""Curse"">를 1 추가로 부여합니다.","對敵人施加1層火焰<sprite name=""Fire"">、凍傷<sprite name=""Ice"">、詛咒<sprite name=""Curse"">。
如果<color=yellow>星<sprite name=""Star"">位置上</color>有3個以上法陣<sprite name=""MagicCircle"">，額外施加1層火焰<sprite name=""Fire"">、詛咒<sprite name=""Curse"">。","Накладывает на врагов по 1 стаку Пламени<sprite name=""Fire"">, Обморожения<sprite name=""Ice"">, Проклятия<sprite name=""Curse"">.
Если <color=yellow>на позиции Звезды<sprite name=""Star""></color> размещено 3 или более Магических кругов<sprite name=""MagicCircle"">, дополнительно накладывает по 1 стаку Пламени<sprite name=""Fire"">, Проклятия<sprite name=""Curse"">."
Tile_TileDescription_RainCloudTile,"每5秒对敌人施加烙印<sprite name=""Mark"">。","Inflicts Mark<sprite name=""Mark""> on enemies every 5 seconds.","5秒ごとに敵に烙印<sprite name=""Mark"">を付与します。","5초마다 적에게 낙인<sprite name=""Mark"">을 부여합니다.","每5秒對敵人施加烙印<sprite name=""Mark"">。","Каждые 5 секунд накладывает на врагов Метку<sprite name=""Mark"">."
Tile_TileDescription_StaffTile,"发射投射物。
(伤害: <color=red>15</color>)","Fires a projectile. 
(Damage: <color=red>15</color>)","弾を発射します。
(ダメージ：<color=red>15</color>)","투사체를 발사합니다.
(피해량: <color=red>15</color>)","發射投射物。
(傷害: <color=red>15</color>)","Выпускает снаряд.
(Урон: <color=red>15</color>)"
Tile_TileDescription_TotemBaseTile,"<color=yellow>购买时:</color> 图腾<sprite name=""Totem"">出现在商店中。
战斗时，这里是图腾堆叠的位置。
<color=yellow>星<sprite name=""Star"">位置上的</color>召唤物<sprite name=""Summon"">冷却时间减少10%。","<color=yellow>When purchased:</color> Totem <sprite name=""Totem""> will appear in the shop.
This is where Totems stack during battle.
Cooldown is reduced by 10% for each summon <sprite name=""Summon""><color=yellow> located on the Star<sprite name=""Star""></color>.","<color=yellow>購入時：</color>トーテム<sprite name=""Totem"">が店に登場します。
戦闘時、トーテムが溜まる位置です。
<color=yellow>星<sprite name=""Star"">に位置する</color>召喚獣<sprite name=""Summon"">のクールタイムを10%減少させます。","<color=yellow>구매 시:</color> 토템<sprite name=""Totem"">이 상점에 등장합니다.
전투 시, 토템이 쌓이는 위치입니다.
<color=yellow>별<sprite name=""Star"">에 위치한</color> 소환수<sprite name=""Summon"">의 쿨타임을 10% 감소시킵니다.","<color=yellow>購買時:</color> 圖騰<sprite name=""Totem"">出現在商店中。
戰鬥時，這裡是圖騰堆疊的位置。
<color=yellow>星<sprite name=""Star"">位置上的</color>召喚物<sprite name=""Summon"">冷卻時間減少10%。","<color=yellow>При покупке:</color> Тотемы<sprite name=""Totem""> появляются в магазине.
Во время боя это место для накопления тотемов.
<color=yellow>Призывы<sprite name=""Summon""> на позиции Звезды<sprite name=""Star""></color> имеют время перезарядки на 10% меньше."
Tile_TileDescription_ThunderStormCloudTile,"<color=yellow>发动时</color>: 降下雷电。降下雷电。如果敌人身上有烙印<sprite name=""Mark"">，攻击后重新施加烙印<sprite name=""Mark"">。
(伤害: <color=red>40</color>)
<color=yellow>星<sprite name=""Star"">位置上的</color>每个召唤物<sprite name=""Summon"">使冷却时间减少10%。","<color=yellow>On activate</color>: Strikes down lightning. If Marked<sprite name=""Mark"">, Marks<sprite name=""Mark""> again.
(Damage: <color=red>40</color>)
Cooldown is reduced by 10% for each summon <sprite name=""Summon""><color=yellow> located on the Star<sprite name=""Star""></color>.","<color=yellow>発動時</color>：雷を降ります。烙印<sprite name=""Mark"">が押されている場合は、烙印<sprite name=""Mark"">を再度撮ります。
(ダメージ: <color=red>40</color>)
<color=yellow>星<sprite name=""Star"">にある</color>召喚獣<sprite name=""Summon"">ごとにクールタイムが10%減少します。","<color=yellow>발동 시</color>: 번개를 내리칩니다. 번개를 내리칩니다. 적에게 낙인 <sprite name=""Mark"">이 부여되어 있다면 공격 후 낙인<sprite name=""Mark"">을 다시 부여합니다.
(피해량: <color=red>40</color>)
<color=yellow>별<sprite name=""Star"">에 위치한</color> 소환수<sprite name=""Summon"">마다 쿨타임이 10% 감소합니다.","<color=yellow>發動時</color>: 降下雷電。降下雷電。如果敵人身上有烙印<sprite name=""Mark"">，攻擊後重新施加烙印<sprite name=""Mark"">。
(傷害: <color=red>40</color>)
<color=yellow>星<sprite name=""Star"">位置上的</color>每個召喚物<sprite name=""Summon"">使冷卻時間減少10%。","<color=yellow>При активации</color>: Обрушивает молнию. Обрушивает молнию. Если на враге есть Метка<sprite name=""Mark"">, после атаки снова накладывает Метку<sprite name=""Mark"">.
(Урон: <color=red>40</color>)
<color=yellow>Каждый Призыв<sprite name=""Summon""> на позиции Звезды<sprite name=""Star""></color> снижает время перезарядки на 10%."
Tile_TileDescription_TurtleTile,"<color=yellow>战斗开始时</color>: 召唤消耗屏障的乌龟。乌龟每秒消耗3点屏障<sprite name=""Barrier"">。
<color=yellow>消耗屏障<sprite name=""Barrier"">时</color>: 伤害增加消耗屏障3倍的数值。(<color=red>最大45</color>)
<color=yellow>发动时</color>: 发射乌龟。(伤害: <color=red>消耗的屏障 X 3</color>)","<color=yellow>Start of battle</color>: Summon a turtle that consumes <sprite name=""Barrier""> shields. The turtle consumes 3 <sprite name=""Barrier""> shields per second.
<color=yellow>When Barrier<sprite name=""Barrier""> is consumed</color>: Damage increases by 3 times the consumed shields. (<color=red>Maximum 45</color>)
<color=yellow>On activate</color>: Launch a turtle. (Damage: <color=red>absorbed Barrier X 3</color>)","<color=yellow>戦闘開始時</color>: シールド<sprite name=""Barrier"">を消費するカメを召喚します。
カメは毎秒3の保護膜<sprite name=""Barrier"">を消費します。
<color=yellow>バリア<sprite name=""Barrier"">消耗時</color>: ダメージが消耗した保護膜の3倍だけ上昇します。 (<color=red>最大 45</color>)
<color=yellow>発動時</color>：カメを発射します。 
(ダメージ：<color=red> 吸収されたバリア×3</color>)","<color=yellow>전투 시작 시</color>: 보호막<sprite name=""Barrier"">을 소모하는 거북이를 소환합니다. 거북이는 매초 3의 보호막<sprite name=""Barrier"">을 소모합니다.
<color=yellow>보호막<sprite name=""Barrier""> 소모 시</color>: 피해량이 소모한 보호막의 3배만큼 상승합니다. (<color=red>최대 45</color>)
<color=yellow>발동 시</color>: 거북이를 발사합니다. (피해량: <color=red>소모한 보호막 X 3</color>)","<color=yellow>戰鬥開始時</color>: 召喚消耗屏障的海龜。海龜每秒消耗3點屏障<sprite name=""Barrier"">。
<color=yellow>消耗屏障<sprite name=""Barrier"">時</color>: 傷害增加消耗屏障3倍的數值。(<color=red>最大45</color>)
<color=yellow>發動時</color>: 發射海龜。(傷害: <color=red>消耗的屏障 X 3</color>)","<color=yellow>В начале боя</color>: Призывает черепаху, расходующую барьер. Черепаха расходует 3 Барьера<sprite name=""Barrier""> в секунду.
<color=yellow>При расходе Барьера<sprite name=""Barrier""></color>: Урон увеличивается в 3 раза от потраченного барьера. (<color=red>Максимум 45</color>)
<color=yellow>При активации</color>: Выпускает черепаху. (Урон: <color=red>Потраченный барьер X 3</color>)"
Tile_TileDescription_WraithTile,"<color=yellow>战斗开始时</color>: 将诅咒<sprite name=""Curse"">数量上限提升至40。
<color=yellow>持有时</color>: <color=orange>恶灵</color>不会出现在商店中。
<color=yellow>发动时</color>: <color=red>消耗40点</color>诅咒<sprite name=""Curse"">并施加1层痛苦<sprite name=""Pain"">。
将当前敌人身上的所有火焰<sprite name=""Fire"">和冻伤<sprite name=""Ice"">转换为诅咒<sprite name=""Curse"">。
如果<color=yellow>星<sprite name=""Star"">位置上</color>有3个以上法阵<sprite name=""MagicCircle"">，<color=red>消耗20点</color>诅咒<sprite name=""Curse"">。","<color=yellow>Start of battle</color>: Increase the maximum number of Curses <sprite name=""Curse""> to 40. 
<color=yellow>When held</color>: <color=orange>Phantom</color> will not appear in the shop.
<color=yellow>On activate</color>: Consume <color=red>40 Curses</color> and inflict 1 Pain <sprite name=""Pain"">. 
Convert all Burn <sprite name=""fire""> and Frostbite <sprite name=""ice""> currently applied to enemies to Curses <sprite name=""Curse"">. 
If there are 3 or more Magic Circles <sprite name=""MagicCircle""> <color=yellow>located on the Star<sprite name=""Star""></color>, Consume <color=red>20 Curses</color>.","<color=yellow>戦闘開始時</color>: 呪い<sprite name=""Curse"">個数の最大値を40に上げます。
<color=yellow>所持</color>: <color=orange>悪霊</color>がショップに出現しません。
<color=yellow>発動時</color>:現在、敵に適用されているすべての炎 <sprite name=""fire""> と 凍傷<sprite name=""ice""> を呪い<sprite name=""Curse""> に置き換えます。
<color=yellow>星<sprite name=""Star"">に位置する</color>魔法陣<sprite name=""MagicCircle"">が3つ以上の場合、呪い<sprite name=""Curse"">を<color=red>20消費</color>します。","<color=yellow>전투 시작 시</color>: 저주<sprite name=""Curse""> 개수의 최대치를 40으로 올립니다.
<color=yellow>보유 시</color>: <color=orange>악령</color>이 상점에 등장하지 않습니다. 
<color=yellow>발동 시</color>: 저주<sprite name=""Curse""> 를 <color=red>40 소모</color>하고 고통<sprite name=""Pain""> 을 1 부여합니다. 
현재 적에게 적용된 모든 화염<sprite name=""fire""> 과 동상<sprite name=""ice""> 을 저주<sprite name=""Curse""> 로 바꿉니다.
<color=yellow>별<sprite name=""Star"">에 위치한</color> 마법진<sprite name=""MagicCircle"">이 3개 이상이라면, 저주<sprite name=""Curse"">를 <color=red>20 소모</color>합니다.","<color=yellow>戰鬥開始時</color>: 將詛咒<sprite name=""Curse"">數量上限提升至40。
<color=yellow>持有時</color>: <color=orange>惡靈</color>不會出現在商店中。
<color=yellow>發動時</color>: <color=red>消耗40點</color>詛咒<sprite name=""Curse"">並施加1層痛苦<sprite name=""Pain"">。
將當前敵人身上的所有火焰<sprite name=""Fire"">和凍傷<sprite name=""Ice"">轉換為詛咒<sprite name=""Curse"">。
如果<color=yellow>星<sprite name=""Star"">位置上</color>有3個以上法陣<sprite name=""MagicCircle"">，<color=red>消耗20點</color>詛咒<sprite name=""Curse"">。","<color=yellow>В начале боя</color>: Повышает лимит количества Проклятий<sprite name=""Curse""> до 40.
<color=yellow>При владении</color>: <color=orange>Злой дух</color> не появляется в магазине.
<color=yellow>При активации</color>: <color=red>Расходует 40</color> Проклятий<sprite name=""Curse""> и накладывает 1 стак Боли<sprite name=""Pain"">.
Превращает все текущие Пламя<sprite name=""Fire""> и Обморожение<sprite name=""Ice""> на враге в Проклятия<sprite name=""Curse"">.
Если <color=yellow>на позиции Звезды<sprite name=""Star""></color> размещено 3 или более Магических кругов<sprite name=""MagicCircle"">, <color=red>расходует 20</color> Проклятий<sprite name=""Curse"">."
Tile_TileDescription_HellFireTile,"一次性造成接下来5次火焰<sprite name=""Fire"">伤害并移除所有火焰<sprite name=""Fire"">。
(伤害: <color=red>0~255</color>)
如果<color=yellow>星<sprite name=""Star"">位置上</color>有3个以上法阵<sprite name=""MagicCircle"">，造成接下来10次火焰<sprite name=""Fire"">伤害。","Deals 5 Burn damage<sprite name=""Fire""> at once and removes all Burns <sprite name=""Fire"">.
(Damage: <color=red>0~255</color>)
If there are 3 or more Magic Circles <sprite name=""MagicCircle""><color=yellow>located on the Star<sprite name=""Star""></color>, deal 10 Burn damage<sprite name=""Fire"">.","次の5つの炎<sprite name=""Fire"">ダメージを一度に与え、炎<sprite name=""Fire"">をすべて削除します。
(ダメージ：<color=red>0〜255</color>)
<color=yellow>星<sprite name=""Star"">に位置する</color>魔法陣<sprite name=""MagicCircle"">が3つ以上の場合、次の10回の炎<sprite name=""Fire"">ダメージを与えます。","다음 5번의 화염<sprite name=""Fire""> 피해를 한 번에 입히고 화염<sprite name=""Fire"">을 모두 제거합니다.
(피해량: <color=red>0~255</color>)
<color=yellow>별<sprite name=""Star"">에 위치한</color> 마법진<sprite name=""MagicCircle"">이 3개 이상이라면, 다음 10번의 화염<sprite name=""Fire""> 피해를 입힙니다.","一次性造成接下來5次火焰<sprite name=""Fire"">傷害並移除所有火焰<sprite name=""Fire"">。
(傷害: <color=red>0~255</color>)
如果<color=yellow>星<sprite name=""Star"">位置上</color>有3個以上法陣<sprite name=""MagicCircle"">，造成接下來10次火焰<sprite name=""Fire"">傷害。","Единовременно наносит урон от следующих 5 Пламён<sprite name=""Fire""> и удаляет все Пламя<sprite name=""Fire"">.
(Урон: <color=red>0~255</color>)
Если <color=yellow>на позиции Звезды<sprite name=""Star""></color> размещено 3 или более Магических кругов<sprite name=""MagicCircle"">, наносит урон от следующих 10 Пламён<sprite name=""Fire"">."
Tile_TileDescription_WandTile,"星云(2)<sprite name=""Nebula"">: 发射投射物。
(伤害: <color=red>6</color>)","Nebula (2)<sprite name=""Nebula"">: Fires a projectile. 
(Damage: <color=red>6</color>)","星雲（2）<sprite name=""Nebula"">：弾を発射します。 
(ダメージ: <color=red>6</color>)","성운(2)<sprite name=""Nebula"">: 투사체를 발사합니다.
(피해량: <color=red>6</color>)","星雲(2)<sprite name=""Nebula"">: 發射投射物。
(傷害: <color=red>6</color>)","Туманность(2)<sprite name=""Nebula"">: Выпускает снаряд.
(Урон: <color=red>6</color>)"
Tile_TileDescription_MoaiTotemTile,"堆叠图腾<sprite name=""Totem"">。当3个图腾<sprite name=""Totem"">堆叠时触发。
<color=yellow>触发时</color>: 发射投射物。
(伤害: <color=red>15</color>)
<color=yellow>强化时</color>: 伤害变为5倍。
<color=yellow>星<sprite name=""Star"">位置上的</color>每个召唤物<sprite name=""Summon"">使冷却时间减少10%。","Stacks totems <sprite name=""Totem"">. Activates when 3 totems <sprite name=""Totem""> are stacked.
<color=yellow>On activate</color>: Fires a projectile.
(Damage: <color=red>15</color>)
<color=yellow>On enhancement</color>: Damage is multiplied by 5.
Cooldown is reduced by 10% for each summon <sprite name=""Summon""><color=yellow> located on the Star<sprite name=""Star""></color>.","トーテム<sprite name=""Totem"">を積み重ねます。 3つのトーテム<sprite name=""Totem"">が積み重なると発動します。
<color=yellow>発動時</color>：弾を発射します。
(ダメージ：<color=red>15</color>)
<color=yellow>強化時</color>: ダメージが5倍になります。
<color=yellow>星<sprite name=""Star"">に位置する</color>召喚獣<sprite name=""Summon"">ごとにクールタイムが10%減少します。","토템<sprite name=""Totem"">을 쌓습니다. 3개의 토템<sprite name=""Totem"">이 쌓이면 발동합니다.
<color=yellow>발동 시</color>: 투사체를 발사합니다.
(피해량: <color=red>15</color>)
<color=yellow>강화 시</color>: 피해량이 5배가 됩니다.
<color=yellow>별<sprite name=""Star"">에 위치한</color> 소환수<sprite name=""Summon"">마다 쿨타임이 10% 감소합니다.","堆疊圖騰<sprite name=""Totem"">。當3個圖騰<sprite name=""Totem"">堆疊時觸發。
<color=yellow>觸發時</color>: 發射投射物。
(傷害: <color=red>15</color>)
<color=yellow>強化時</color>: 傷害變為5倍。
<color=yellow>星<sprite name=""Star"">位置上的</color>每個召喚物<sprite name=""Summon"">使冷卻時間減少10%。","Накапливает Тотемы<sprite name=""Totem"">. При накоплении 3 Тотемов<sprite name=""Totem""> срабатывает.
<color=yellow>При срабатывании</color>: Выпускает снаряд.
(Урон: <color=red>15</color>)
<color=yellow>При усилении</color>: Урон увеличивается в 5 раз.
<color=yellow>Каждый Призыв<sprite name=""Summon""> на позиции Звезды<sprite name=""Star""></color> снижает время перезарядки на 10%."
Tile_TileDescription_MagmaBladeTile,"下次攻击时所有剑<sprite name=""Sword"">施加1层火焰<sprite name=""Fire"">，剑的攻击力等于召唤的剑数量。召唤一把剑<sprite name=""Sword"">并使所有剑攻击。
(伤害: <color=red>召唤的剑数量</color>)
<color=yellow>星<sprite name=""Star"">位置上的</color>每个召唤物<sprite name=""Summon"">使冷却时间减少10%。","On the next attack, all swords <sprite name=""Sword""> will inflict 1 Burn <sprite name=""Fire""> and their attack power will be equal to the number of summoned swords. Summon a sword <sprite name=""Sword""> and all swords will attack.
(Damage: <color=red>Summoned Swords</color>)
Cooldown is reduced by 10% for each summoned <sprite name=""Summon""><color=yellow>located on the Star <sprite name=""Star""></color>.","次の攻撃時にすべての剣<sprite name=""Sword"">が炎<sprite name=""Fire"">を1付与し、剣の攻撃力が召喚された剣の数と等しくなります。
(ダメージ：<color=red>召喚された剣の数</color>)
<color=yellow>星<sprite name=""Star"">に位置する</color>召喚獣<sprite name=""Summon"">ごとにクールタイムが10%減少します。","다음 공격 시 모든 검<sprite name=""Sword"">이 화염<sprite name=""Fire"">을 1 부여하고 검의 공격력이 소환된 검의 수와 같아집니다. 검<sprite name=""Sword"">을 한 개 소환하고 모든 검이 공격합니다.
(피해량: <color=red>소환된 검의 수</color>)
<color=yellow>별<sprite name=""Star"">에 위치한</color> 소환수<sprite name=""Summon"">마다 쿨타임이 10% 감소합니다.","下次攻擊時所有劍<sprite name=""Sword"">施加1層火焰<sprite name=""Fire"">，劍的攻擊力等於召喚的劍數量。召喚一把劍<sprite name=""Sword"">並使所有劍攻擊。
(傷害: <color=red>召喚的劍數量</color>)
<color=yellow>星<sprite name=""Star"">位置上的</color>每個召喚物<sprite name=""Summon"">使冷卻時間減少10%。","При следующей атаке все Мечи<sprite name=""Sword""> накладывают 1 стак Пламени<sprite name=""Fire"">, а сила атаки мечей становится равной количеству призванных мечей. Призывает один Меч<sprite name=""Sword""> и заставляет все мечи атаковать.
(Урон: <color=red>Количество призванных мечей</color>)
<color=yellow>Каждый Призыв<sprite name=""Summon""> на позиции Звезды<sprite name=""Star""></color> снижает время перезарядки на 10%."
Tile_TileDescription_CatTile,"<color=yellow>战斗开始时</color>: 召唤猫法师。
<color=yellow>发动时</color>: 获得8点屏障<sprite name=""Barrier"">。
<color=yellow>星<sprite name=""Star"">位置上的</color>每种召唤物<sprite name=""Summon"">类型额外获得6点屏障<sprite name=""Barrier"">。","<color=yellow>Start of Battle</color>: Summon a Cat Wizard.
<color=yellow>On activate</color>: Gain 8 Barrier.
Gain an additional 6 Barrier for each type of Summon <sprite name=""Summon""> <color=yellow> located on the Star<sprite name=""Star""></color>.","<color=yellow>戦闘開始時</color>: 魔法使い猫を召喚します。
<color=yellow>発動時</color>: 保護膜<sprite name=""Barrier"">を8獲得します。
<color=yellow>星<sprite name=""Star"">に位置する</color>召喚獣<sprite name=""Summon"">種類1につきバリア<sprite name=""Barrier"">を6追加で獲得します。","<color=yellow>전투 시작 시</color>: 고양이 마법사를 소환합니다.
<color=yellow>발동 시</color>: 보호막<sprite name=""Barrier"">을 8 획득합니다.
<color=yellow>별<sprite name=""Star"">에 위치한</color> 소환수<sprite name=""Summon"">종류 하나당 보호막<sprite name=""Barrier"">을 6 추가로 획득합니다.","<color=yellow>戰鬥開始時</color>: 召喚貓法師。
<color=yellow>發動時</color>: 獲得8點屏障<sprite name=""Barrier"">。
<color=yellow>星<sprite name=""Star"">位置上的</color>每種召喚物<sprite name=""Summon"">類型額外獲得6點屏障<sprite name=""Barrier"">。","<color=yellow>В начале боя</color>: Призывает кота-мага.
<color=yellow>При активации</color>: Получает 8 Барьера<sprite name=""Barrier"">.
<color=yellow>За каждый тип Призыва<sprite name=""Summon""> на позиции Звезды<sprite name=""Star""></color> дополнительно получает 6 Барьера<sprite name=""Barrier"">."
,,,,,,
Tile_TileCategoty_Weapon,"#<color=#D5F1FF>武器<sprite name=""Weapon""></color>","#<color=#D5F1FF>Weapon<sprite name=""Weapon""></color>","#<color=#D5F1FF>武器<sprite name=""Weapon""></color>","#<color=#D5F1FF>무기<sprite name=""Weapon""></color>","#<color=#D5F1FF>武器<sprite name=""Weapon""></color>","#<color=#D5F1FF>Оружие<sprite name=""Weapon""></color>"
Tile_TileCategoty_MagicCircle,"#<color=#D5F1FF>法阵<sprite name=""MagicCircle""></color>","#<color=#D5F1FF>Magic Circle<sprite name=""MagicCircle""></color>","#<color=#D5F1FF>魔法陣<sprite name=""MagicCircle""></color>","#<color=#D5F1FF>마법진<sprite name=""MagicCircle""></color>","#<color=#D5F1FF>法陣<sprite name=""MagicCircle""></color>","#<color=#D5F1FF>Магический круг<sprite name=""MagicCircle""></color>"
Tile_TileCategoty_Armor,"#<color=#D5F1FF>防具<sprite name=""Armor""></color>","#<color=#D5F1FF>Armor<sprite name=""Armor""></color>","#<color=#D5F1FF>防具<sprite name=""Armor""></color>","#<color=#D5F1FF>방어구<sprite name=""Armor""></color>","#<color=#D5F1FF>防具<sprite name=""Armor""></color>","#<color=#D5F1FF>Доспех<sprite name=""Armor""></color>"
Tile_TileCategoty_Consumable,"#<color=#D5F1FF>消耗品<sprite name=""Potion""></color>","#<color=#D5F1FF>Potion<sprite name=""Potion""></color>","#<color=#D5F1FF>消耗品<sprite name=""Potion""></color>","#<color=#D5F1FF>소모품<sprite name=""Potion""></color>","#<color=#D5F1FF>消耗品<sprite name=""Potion""></color>","#<color=#D5F1FF>Расходник<sprite name=""Potion""></color>"
Tile_TileCategoty_Trinket,"#<color=#D5F1FF>饰品<sprite name=""Trinket""></color>","#<color=#D5F1FF>Trinket<sprite name=""Trinket""></color>","#<color=#D5F1FF>装飾品<sprite name=""Trinket""></color>","#<color=#D5F1FF>장신구<sprite name=""Trinket""></color>","#<color=#D5F1FF>飾品<sprite name=""Trinket""></color>","#<color=#D5F1FF>Украшение<sprite name=""Trinket""></color>"
Tile_TileCategoty_Summon,"#<color=#D5F1FF>召唤物<sprite name=""Summon""></color>","#<color=#D5F1FF>Summon<sprite name=""Summon""></color>","#<color=#D5F1FF>召喚獣<sprite name=""Summon""></color>","#<color=#D5F1FF>소환수<sprite name=""Summon""></color>","#<color=#D5F1FF>召喚物<sprite name=""Summon""></color>","#<color=#D5F1FF>Призыв<sprite name=""Summon""></color>"
Tile_TileCategoty_Planet,"#<color=#D5F2FF>行星<sprite name=""Planet""></color>","#<color=#D5F2FF>Planet<sprite name=""Planet""></color>","#<color=#D5F2FF>惑星<sprite name=""Planet""></color>","#<color=#D5F2FF>행성<sprite name=""Planet""></color>","#<color=#D5F2FF>行星<sprite name=""Planet""></color>","#<color=#D5F2FF>Планета<sprite name=""Planet""></color>"
,,,,,,
Tile_TileSynergy_Totem,"<color=#ECA03E>#图腾<sprite name=""Totem""></color>","<color=#ECA03E>#Totem<sprite name=""Totem""></color>","<color=#ECA03E>#トーテム<sprite name=""Totem""></color>","<color=#ECA03E>#토템<sprite name=""Totem""></color>","<color=#ECA03E>#圖騰<sprite name=""Totem""></color>","<color=#ECA03E>#Тотем<sprite name=""Totem""></color>"
Tile_TileSynergy_Sword,"<color=#D1DBE5>#剑<sprite name=""Sword""></color>","<color=#D1DBE5>#Sword<sprite name=""Sword""></color>","<color=#D1DBE5>#剣<sprite name=""Sword""></color>","<color=#D1DBE5>#검<sprite name=""Sword""></color>","<color=#D1DBE5>#劍<sprite name=""Sword""></color>","<color=#D1DBE5>#Меч<sprite name=""Sword""></color>"
Tile_TileSynergy_Fire,"<color=#DB444C>#火焰<sprite name=""Fire""></color>","<color=#DB444C>#Burn<sprite name=""Fire""></color>","<color=#DB444C>#炎<sprite name=""Fire""></color>","<color=#DB444C>#화염<sprite name=""Fire""></color>","<color=#DB444C>#火焰<sprite name=""Fire""></color>","<color=#DB444C>#Пламя<sprite name=""Fire""></color>"
Tile_TileSynergy_Ice,"<color=#0F88C1>#冻伤<sprite name=""Ice""></color>","<color=#0F88C1>#Frostbite<sprite name=""Ice""></color>","<color=#0F88C1>#凍傷<sprite name=""Ice""></color>","<color=#0F88C1>#동상<sprite name=""Ice""></color>","<color=#0F88C1>#凍傷<sprite name=""Ice""></color>","<color=#0F88C1>#Обморожение<sprite name=""Ice""></color>"
Tile_TileSynergy_Shield,"<color=white>#护盾<sprite name=""Shield""></color>","<color=white>#Shield<sprite name=""Shield""></color>","<color=white>#シールド<sprite name=""Shield""></color>","<color=white>#방어막<sprite name=""Shield""></color>","<color=white>#護盾<sprite name=""Shield""></color>","<color=white>#Щит<sprite name=""Shield""></color>"
Tile_TileSynergy_Barrier,"<color=white>#屏障<sprite name=""Barrier""></color>","<color=white>#Barrier<sprite name=""Barrier""></color>","<color=white>#バリア<sprite name=""Barrier""></color>","<color=white>#보호막<sprite name=""Barrier""></color>","<color=white>#屏障<sprite name=""Barrier""></color>","<color=white>#Барьер<sprite name=""Barrier""></color>"
Tile_TileSynergy_Curse,"<color=#AE3FF3>#诅咒<sprite name=""Curse""></color>","<color=#AE3FF3>#Curse<sprite name=""Curse""></color>","<color=#AE3FF3>#呪い<sprite name=""Curse""></color>","<color=#AE3FF3>#저주<sprite name=""Curse""></color>","<color=#AE3FF3>#詛咒<sprite name=""Curse""></color>","<color=#AE3FF3>#Проклятие<sprite name=""Curse""></color>"
Tile_TileSynergy_Cloud,"<color=white>#云<sprite name=""Cloud""></color>","<color=white>#Cloud<sprite name=""Cloud""></color>","<color=white>#雲<sprite name=""Cloud""></color>","<color=white>#구름<sprite name=""Cloud""></color>","<color=white>#雲<sprite name=""Cloud""></color>","<color=white>#Облако<sprite name=""Cloud""></color>"
Tile_TileSynergy_Nebula,"<color=white>#星云(N)<sprite name=""Nebula""></color>","<color=white>#Nebula(N)<sprite name=""Nebula""></color>","<color=white>#星雲(N)<sprite name=""Nebula""></color>","<color=white>#성운(N)<sprite name=""Nebula""></color>","<color=white>#星雲(N)<sprite name=""Nebula""></color>","<color=white>#Туманность(N)<sprite name=""Nebula""></color>"
Tile_TileSynergy_Nebula2,"<color=white>#星云(2)<sprite name=""Nebula""></color>","<color=white>#Nebula(2)<sprite name=""Nebula""></color>","<color=white>#星雲(2)<sprite name=""Nebula""></color>","<color=white>#성운(2)<sprite name=""Nebula""></color>","<color=white>#星雲(2)<sprite name=""Nebula""></color>","<color=white>#Туманность(2)<sprite name=""Nebula""></color>"
Tile_TileSynergy_Nebula3,"<color=white>#星云(3)<sprite name=""Nebula""></color>","<color=white>#Nebula(3)<sprite name=""Nebula""></color>","<color=white>#星雲(3)<sprite name=""Nebula""></color>","<color=white>#성운(3)<sprite name=""Nebula""></color>","<color=white>#星雲(3)<sprite name=""Nebula""></color>","<color=white>#Туманность(3)<sprite name=""Nebula""></color>"
,,,,,,
Tile_TileTagDescription_Fire,"火焰<sprite name=""Fire"">: 每秒造成等同于层数的伤害，层数减少1。上限为30。","Burn<sprite name=""Fire"">: Deals damage equal to the stack per second and reduces the stack by 1. The limit is 30.","炎 <sprite name=""Fire"">: 毎秒スタックと同じダメージを与え、スタックが 1 減少します。制限は30です。","화염<sprite name=""Fire"">: 매초 스택만큼 피해를 주고 스택이 1 감소합니다. 한도는 30입니다.","火焰<sprite name=""Fire"">: 每秒造成等同於層數的傷害，層數減少1。上限為30。","Пламя<sprite name=""Fire"">: Каждую секунду наносит урон равный количеству стаков, стаки уменьшаются на 1. Лимит 30."
Tile_TileTagDescription_Ice,"冻伤<sprite name=""Ice"">: 叠加10层时，使敌人冰冻<sprite name=""Freeze"">2秒。","Frostbite<sprite name=""Ice"">: When stacked 10 times, freezes<sprite name=""Freeze""> enemies for 2 seconds.","凍傷 <sprite name=""Ice"">: 10回重複すると、敵を2秒間氷結<sprite name=""Freeze"">させます。","동상<sprite name=""Ice"">: 10번 중첩되면,적을 2초동안 빙결<sprite name=""Freeze"">시킵니다.","動狀<sprite name=""Ice"">: 疊加10層時，使敵人冰凍<sprite name=""Freeze"">2秒。","Обморожение<sprite name=""Ice"">: При накоплении 10 стаков замораживает<sprite name=""Freeze""> врага на 2 секунды."
Tile_TileTagDescription_Sword,"剑<sprite name=""Sword"">: 持续一定时间的召唤物。对剑下达命令时，所有剑都会执行相同命令。","Sword<sprite name=""Sword"">: Temporarily summoned. All swords follow the same command.","剣<sprite name=""Sword"">: 一定時間維持される召喚獣。剣を発行すると、すべての剣が同じコマンドを実行します。","검<sprite name=""Sword"">: 일정시간 동안 유지되는 소환수입니다. 검에게 명령을 내리면 모든 검이 동일한 명령을 수행합니다.","劍<sprite name=""Sword"">: 持續一定時間的召喚物。對劍下達命令時，所有劍都會執行相同命令。","Меч<sprite name=""Sword"">: Призыв, существующий определённое время. Когда отдаётся команда мечу, все мечи выполняют одну и ту же команду."
Tile_TileTagDescription_Totem,"图腾<sprite name=""Totem"">: 图腾堆叠到3个时触发效果并消失。<color=yellow>第3个放置的图腾效果会得到强化</color>。","Totem<sprite name=""Totem"">: Activates when 3 stack. <color=yellow>The 3rd totem's effect is enhanced.</color>","トーテム<sprite name=""Totem"">: トーテムが3個積まれると効果を発動して消失します。<color=yellow>3番目に置かれたトーテムの効果は強化されます</color>。","토템<sprite name=""Totem"">: 토템이 3개 쌓이면 효과를 발동하고 사라집니다. <color=yellow>3번째로 올라간 토템의 효과는 강화됩니다</color>.","圖騰<sprite name=""Totem"">: 圖騰堆疊到3個時觸發效果並消失。<color=yellow>第3個放置的圖騰效果會得到強化</color>。","Тотем<sprite name=""Totem"">: При размещении 3-х тотемов срабатывает эффект. <color=yellow>3-й тотем получает усиление</color>.>."
Tile_TileTagDescription_Shield,"护盾<sprite name=""Shield"">: 阻挡1次伤害。","Shield<sprite name=""Shield"">: Blocks 1 round of damage.","シールド <sprite name=""Shield"">: 1 回のダメージを防ぎます。","방어막<sprite name=""Shield"">: 1회의 피해를 막아줍니다.","護盾<sprite name=""Shield"">: 阻擋1次傷害。","Щит<sprite name=""Shield"">: Блокирует 1 атаку."
Tile_TileTagDescription_Barrier,"屏障<sprite name=""Barrier"">: 阻挡一定量的伤害。每秒消耗2点。重复获得屏障时更新为较高数值。","Barrier<sprite name=""Barrier"">: Blocks a certain amount of damage. Consumes 2 per second. When acquiring a duplicate barrier, it will be updated to the higher value.","バリア<sprite name=""Barrier"">: 一定量のダメージを防ぎます。毎秒2消費します。バリアを重複して獲得した場合、高い数値に更新されます。","보호막<sprite name=""Barrier"">: 일정량의 피해를 막아줍니다. 매초 2 소모됩니다. 중복 보호막 획득 시 높은 값으로 갱신됩니다.","屏障<sprite name=""Barrier"">: 阻擋一定量的傷害。每秒消耗2點。重複獲得屏障時更新為較高數值。","Барьер<sprite name=""Barrier"">: Блокирует определённое количество урона. Расходует 2 очка в секунду. При повторном получении барьера обновляется до большего значения."
Tile_TileTagDescription_Pain,"痛苦<sprite name=""Pain"">: 受到的伤害增加10%。","Pain<sprite name=""Pain"">: Damage taken increases by 10%.","痛み<sprite name=""Pain"">: 受けるダメージが10%増加します。","고통<sprite name=""Pain"">: 받는 피해가 10% 증가합니다.","痛苦<sprite name=""Pain"">: 受到的傷害增加10%。","Боль<sprite name=""Pain"">: Получаемый урон увеличивается на 10%."
Tile_TileTagDescription_Mark,"烙印<sprite name=""Mark"">: 下一次攻击的伤害增加50%。(最大1层)","Mark<sprite name=""Mark"">: Increases the damage taken from your next attack by 50%. (Maximum 1)","烙印 <sprite name=""Mark"">: 次の攻撃 1 回のダメージを 50% 増加して受けます。(最大1)","낙인<sprite name=""Mark"">: 다음 공격 한 번의 피해를 50% 증가하여 받습니다.(최대 1)","烙印<sprite name=""Mark"">: 下一次攻擊的傷害增加50%。(最大1層)","Метка<sprite name=""Mark"">: Урон от следующей атаки увеличивается на 50%. (максимум 1 стак)"
Tile_TileTagDescription_Curse,"诅咒<sprite name=""Curse"">: 诅咒星座使用的资源。基本上限为30。","Curse<sprite name=""Curse"">: A resource used by cursed constellations. The basic limit is 30.","呪い<sprite name=""Curse"">: 呪いの星座が使用するリソースです。基本制限は30です。","저주<sprite name=""Curse"">: 저주 별자리들이 사용하는 자원입니다. 기본적인 한도는 30입니다.","詛咒<sprite name=""Curse"">: 詛咒星座使用的資源。基本上限為30。","Проклятие<sprite name=""Curse"">: Ресурс созвездий проклятий. Лимит: 30."
Tile_TileTagDescription_Nebula,"星云(N)<sprite name=""Nebula"">: 由N个星座结合的结构，每个星座拥有独立的能力和冷却时间。","Nebula(N)<sprite name=""Nebula"">: A structure that combines N constellations, each with independent abilities and cooldowns.","星雲(N)<sprite name=""Nebula"">: N個の星座が結合された構造で、各星座は独立した能力とクールタイムを持ちます。","성운(N)<sprite name=""Nebula"">: N개의 별자리가 결합된 구조로, 각 별자리는 독립적인 능력과 쿨타임을 가집니다.","星雲(N)<sprite name=""Nebula"">: 由N個星座結合的結構，每個星座擁有獨立的能力和冷卻時間。","Туманность(N)<sprite name=""Nebula"">: Структура из N объединённых созвездий, каждое созвездие имеет независимые способности и время перезарядки."
Tile_TileTagDescription_Nebula2,"星云(2)<sprite name=""Nebula"">: 由2个星座结合的结构，每个星座拥有独立的能力和冷却时间。","Nebula(2)<sprite name=""Nebula"">: A structure that combines 2 constellations, each with independent abilities and cooldowns.","星雲(2)<sprite name=""Nebula"">: 2個の星座が結合された構造で、各星座は独立した能力とクールタイムを持ちます。","성운(2)<sprite name=""Nebula"">: 2개의 별자리가 결합된 구조로, 각 별자리는 독립적인 능력과 쿨타임을 가집니다.","星雲(2)<sprite name=""Nebula"">: 由2個星座結合的結構，每個星座擁有獨立的能力和冷卻時間。","Туманность(2)<sprite name=""Nebula"">: Структура из 2 объединённых созвездий, каждое созвездие имеет независимые способности и время перезарядки."
Tile_TileTagDescription_Nebula3,"星云(3)<sprite name=""Nebula"">: 由3个星座结合的结构，每个星座拥有独立的能力和冲却时间。","Nebula(3)<sprite name=""Nebula"">: A structure that combines 3 constellations, each with independent abilities and cooldowns.","星雲(3)<sprite name=""Nebula"">: 3個の星座が結合された構造で、各星座は独立した能力とクールタイムを持ちます。","성운(3)<sprite name=""Nebula"">: 3개의 별자리가 결합된 구조로, 각 별자리는 독립적인 능력과 쿨타임을 가집니다.","星雲(3)<sprite name=""Nebula"">: 由3個星座結合的結構，每個星座擁有獨立的能力和冷卻時間。","Туманность(3)<sprite name=""Nebula"">: Структура из 3 объединённых созвездий, каждое созвездие имеет независимые способности и время перезарядки."
Tile_TileTagDescription_Freeze,"冰冻<sprite name=""Freeze"">: 敌人停止攻击，受到的伤害增加50%。某些敌人的部分攻击模式不会被冰冻。","Freeze<sprite name=""Freeze"">: Enemy stops attacking and takes 50% more damage. Some enemy patterns cannot be frozen.","氷結<sprite name=""Freeze"">：敵は攻撃を停止し、受けるダメージが50%増加します。一部の敵のパターンは氷結しません。","빙결<sprite name=""Freeze"">: 적이 공격을 멈추고 피해 50% 증가. 일부 적의 패턴중에는 빙결되지 않습니다.","冰凍<sprite name=""Freeze"">: 敵人停止攻擊，受到的傷害增加50%。某些敵人的部分攻擊模式不會被冰凍。","Заморозка<sprite name=""Freeze"">: Враг прекращает атаку, получаемый урон увеличивается на 50%. Некоторые атаки врагов не подвержены заморозке."
,,,,,,
UI_Quest_Instruction1,"教程 1
- 移动角色
({0}/5)","Tutorial 1
- Move the character
({0}/5)","チュートリアル1 
-キャラクターを動く
({0}/5)","튜토리얼 1
- 캐릭터를 움직이세요 
({0}/5)","教學 1 
- 移動角色 
({0}/5)","Урок 1 
- Двигайте персонажа ({0}/5)"
UI_Quest_Instruction2,"教程 2
- 存活 10 秒
({0}/10 秒)","Tutorial 2
- Survive for 10 seconds
({0}/10 seconds)","チュートリアル2
- 10秒間生き残る
({0}/10秒)","튜토리얼 2
- 10초간 생존하세요
({0}/10초)","教學 2 
- 生存10秒 
({0}/10秒)","Урок 2 
- Выживите 10 секунд 
({0}/10сек)"
UI_Quest_Instruction3,"教程 3
- 安装星座
({0}/3)","Tutorial 3
- Install the constellation
({0}/3)","チュートリアル3
- 星座を設置する
({0}/3個)","튜토리얼 3
- 별자리를 설치하세요
(설치 {0}/3개)","教學 3 
- 安裝星座 
(已安裝 {0}/3個)","Урок 3 
- Установите созвездия 
(установлено {0}/3)"
UI_Quest_Instruction3_1,"教程 5
- 激活星星
（已激活星星 {0}/3）","Tutorial 5
- Activate the Stars
(Activated Stars {0}/3)","チュートリアル5
- 星を活性化する
（アクティブ化された星{0} / 3個）","튜토리얼 5
- 별을 활성화 하세요
(활성화된 별 {0}/3개)","教學 5 
- 啟動星星 
(已啟動的星 {0}/3個)","Урок 5 
- Активируйте звёзды 
(активированных звёзд {0}/3)"
UI_Quest_Instruction4,"教程 4
- 旋转星座
({0}/5)","Tutorial 4
- Rotate the constellations
({0}/5)","チュートリアル4
- 星座を回転させる
({0}/5個)","튜토리얼 4
- 별자리를 회전시켜보세요
({0}/5개)","教學 4 
- 旋轉星座 
({0}/5個)","Урок 4 
- Поверните созвездия 
({0}/5)"
UI_Quest_Instruction5,"教程 6
- 保留星座
({0}/4)","Tutorial 6
- Keep the constellations
({0}/4)","チュートリアル6
- 星座を保管する
({0}/4個)","튜토리얼 6
- 별자리를 보관해보세요
({0}/4개)","教學 6 
- 收納星座 
({0}/4個)","Урок 6 
- Сохраните созвездия 
({0}/4)"
UI_Quest_Instruction6,"教程 7
- 出售星座
({0}/2)","Tutorial 7
- Sell the constellation
({0}/2)","チュートリアル7
- 星座を販売する
({0}/2個)","튜토리얼 7
- 별자리를 판매해보세요
({0}/2개)","教學 7 
- 販賣星座 
({0}/2個)","Урок 7 
- Продайте созвездия 
({0}/2)"
UI_Quest_Instruction7,"教程 8
- 踏上星座，攻击敌人，赢得胜利。
({0}/1)","Tutorial 8
- Step on constellations, 
strike enemies, claim victory.
({0}/1)","チュートリアル8
-星座を踏み
 敵を攻撃して勝利する。
({0}/1)","튜토리얼 8
- 별자리를 밟아 공격하여
  승리하세요
({0}/1)","教學 8 
- 踩踏星座攻擊
並獲得勝利 ({0}/1)","Урок 8 
- Наступите на созвездия, 
атакуйте и победите ({0}/1)"
,,,,,,
UI_Quest_Title1,- 教程 1 -,- Tutorial 1 -,- チュートリアル 1 -,튜토리얼 1,教學 1,Урок 1
UI_Quest_Title2,- 教程 2 -,- Tutorial 2 -,- チュートリアル 2 -,튜토리얼 2,教學 2,Урок 2
UI_Quest_Title3,- 教程 3 -,- Tutorial 3 -,- チュートリアル 3 -,튜토리얼 3,教學 3,Урок 3
UI_Quest_Title3_1,- 教程 5 -,- Tutorial 5 -,- チュートリアル 5 -,튜토리얼 5,教學 5,Урок 5
UI_Quest_Title4,- 教程 4 -,- Tutorial 4 -,- チュートリアル 4 -,튜토리얼 4,教學 4,Урок 4
UI_Quest_Title5,- 教程 6 -,- Tutorial 6 -,- チュートリアル 6 -,튜토리얼 6,教學 6,Урок 6
UI_Quest_Title6,- 教程 7 -,- Tutorial 7 -,- チュートリアル 7 -,튜토리얼 7,教學 7,Урок 7
UI_Quest_Title7,- 教程 8 -,- Tutorial 8 -,- チュートリアル 8 -,튜토리얼 8,教學 8,Урок 8
,,,,,,
UI_Quest_SubTitle1,移动,Move,移動する,이동하기,移動,Движение
UI_Quest_SubTitle2,存活,Survive,生き残る,살아남기,生存,Выживание
UI_Quest_SubTitle3,安装星座,Installing the constellation,星座の設置,별자리 설치하기,安裝星座,Установка созвездий
UI_Quest_SubTitle3_1,强化星座,Strengthening the constellation,星座を強化する,별자리 강화하기,強化星座,Усиление созвездий
UI_Quest_SubTitle4,旋转星座,Rotate the constellations,星座を回転させる,별자리를 회전하기,旋轉星座,Поворот созвездий
UI_Quest_SubTitle5,保留你的星座,Keep your constellations,星座を保管する,별자리 보관하기,收納星座,Сохранение созвездий
UI_Quest_SubTitle6,出售星座,Selling constellations,星座を販売する,별자리를 판매하기,販賣星座,Продажа созвездий
UI_Quest_SubTitle7,赢得,To win,勝つ,승리하기,獲勝,Победа
,,,,,,
UI_Quest_Content1,"角色可以通过 
<color=yellow>WASD</color> 或 <color=yellow>↑↓←→</color> 移动

尝试移动角色","The character can be moved with 
<color=yellow>WASD</color> or <color=yellow>↑↓←→</color> 

Try moving the character","キャラクターは
<color=yellow>WASD</color>または<color=yellow>↑↓←→</color> 
で動くことができます 
キャラクターを移動してみてください","캐릭터는
<color=yellow>WASD</color> 또는 <color=yellow>↑↓←→</color> 
로 움직일 수 있습니다 
캐릭터를 이동시켜보세요","角色可以使用 <color=yellow>WASD</color> 或 <color=yellow>↑↓←→</color> 移動
請移動角色","Персонажа можно перемещать с помощью <color=yellow>WASD</color> или <color=yellow>↑↓←→</color>.
 Попробуйте переместить персонажа."
UI_Quest_Content2,"敌人会攻击你
<color=yellow>躲避敌人攻击并生存下来</color>","Enemies will attack you
<color=yellow>Avoid enemy attacks and survive</color>","敵はあなたを攻撃します
<color=yellow>敵の攻撃を避けて生き残ってください。</color>","적은 당신을 공격합니다
<color=yellow>적의 공격을 피해 살아남으세요</color>","敵人會攻擊您
<color=yellow>請躲避敵人的攻擊並生存下來</color>","Враги атакуют вас.
<color=yellow>Уклоняйтесь от атак врагов и выживайте</color>. "
UI_Quest_Content3,"星座可以在底部商店购买

<color=yellow>和</color>

将星座从商店拖到你的区域即可放置","Constellations can be <color=yellow>purchased</color> from the bottom shop 
and
Drag the constellations from the shop to your area to place them","星座は下の店で 
<color=yellow>購入</color>できます

店で星座を
<color=yellow>クリックしたまま動き</color>
エリアに設置してください。","별자리는 하단 상점에서 
<color=yellow>구매</color>할 수 있습니다

상점에서 별자리를 
<color=yellow>드래그</color> 하여 영역에 설치하세요","星座可以在下方商店中<color=yellow>購買</color>
從商店<color=yellow>拖拽</color>星座到區域內安裝","Созвездия можно <color=yellow>купить</color> в магазине внизу. 
<color=yellow>Перетащите</color> созвездия из магазина и установите их в области."
UI_Quest_Content3_1,"每个星座都有专属的<color=yellow>星星<sprite name=""Star""></color>，当满足每个<color=yellow>星座</color>的条件时，该<color=yellow>星座</color>就会得到强化。

激活<color=yellow>星星<sprite name=""Star""></color>即可强化该星座。","Each constellation has its own <color=yellow>star<sprite name=""Star""></color>, and when the conditions of each <color=yellow>constellation</color> are met, the <color=yellow>constellation</color> is strengthened.

Activate the <color=yellow>star<sprite name=""Star""></color> to strengthen the constellation.","各星座には独自の<color=yellow>星<sprite name=""Star""></color>があります。 
各<color=yellow>星座</color>の条件を達成すると 
<color=yellow>星座</color>が強化されます

<color=yellow>星<sprite name=""Star""></color>を有効にして星座を強化してください。","각 별자리는 고유의 <color=yellow>별<sprite name=""Star""></color>을 가지고 있어 
각 <color=yellow>별자리</color>의 조건을 달성시 
<color=yellow>별자리</color>가 강화됩니다

<color=yellow>별<sprite name=""Star""></color>을 활성화하여 별자리를 강화하세요","每個星座都擁有獨特的<color=yellow>星星<sprite name=""Star""></color>，當達成各個<color=yellow>星座</color>的條件時，<color=yellow>星座</color>會得到強化。

請啟動<color=yellow>星星<sprite name=""Star""></color>來強化星座。","Каждое созвездие имеет уникальную <color=yellow>звезду<sprite name=""Star""></color>. 
При выполнении условий каждого <color=yellow>созвездия</color>, <color=yellow>созвездие</color> усиливается. 
Активируйте <color=yellow>звезду<sprite name=""Star""></color>, чтобы усилить созвездие."
UI_Quest_Content4,"旋转星座
点击星座 <color=yellow>，然后按 <sprite name=""Star"">R 或 <sprite name=""Star"">，
<color=yellow>右键单击 <sprite name=""Star""> 即可旋转星座。","Rotate the constellation
Click on the constellation <color=yellow>
and press R</color> or , 
<color=yellow>right-click the mouse </color> 
to rotate the constellation.","星座を回転させてください。
<color=yellow>星座を押している間</color>で
<color=yellow>R </color>を押すか、
<color=yellow>マウスの右ボタン</color>をクリックで
星座を回転させることができます。","별자리를 회전시켜보세요
<color=yellow>별자리를 누른 상태</color>에서
<color=yellow>R</color>을 누르거나, 
<color=yellow>마우스 오른쪽 버튼</color>을 클릭하면 
별자리를 회전 시킬 수 있습니다.","請嘗試旋轉星座。在<color=yellow>按住星座</color>的狀態下，
按下<color=yellow>R</color>鍵或點擊<color=yellow>滑鼠右鍵</color>即可旋轉星座。","Попробуйте повернуть созвездие. Удерживая <color=yellow>созвездие</color>, 
нажмите клавишу <color=yellow>R</color> или щелкните <color=yellow>правой кнопкой мыши</color>, чтобы повернуть созвездие."
UI_Quest_Content5,可以通过将星座拖放到<color=yellow>区域两侧的空格</color>来存储星座。<color=yellow>存储的星座</color>不能在战斗中使用。,"Constellations can be stored by dragging them to the <color=yellow>spaces on either side of the area</color>. 
<color=yellow>Stored constellations</color> cannot be used in battle.","星座は<color=yellow>領域の両方のスペース</color>
に保管できます。
<color=yellow>保管した星座</color> 
戦闘には使用できません","별자리는 <color=yellow>영역의 양쪽 공간</color>에
보관할 수 있습니다
<color=yellow>보관한 별자리</color>는 
전투에 사용할 수 없습니다","星座可以存放在<color=yellow>區域的兩側空間</color>中。
<color=yellow>存放的星座</color>無法在戰鬥中使用。","Созвездия можно хранить в <color=yellow>боковых пространствах области</color>. 
<color=yellow>Сохраненные созвездия</color> нельзя использовать в бою."
UI_Quest_Content6,"拖动星座时，底部的<color=yellow>销售区</color>将被激活。
当您将星座拖放到销售区时，
该星座将被<color=yellow>出售</color>，您可以赚取金币。","While dragging a constellation, the <color=yellow>Sales Area</color> at the bottom will be activated.
When you drag a constellation and drop it into the Sales Area,
the constellation will be <color=yellow>sold</color> and you can earn gold.","星座をクリックしている間
下部に<color=yellow>販売エリア</color>が有効になります
星座をドラッグして販売エリアに置くと
星座は<color=yellow>販売</color>され
ゴールドを獲得できます","별자리를 드래그 하는 중에는
하단에 <color=yellow>판매 영역</color>이 활성화 됩니다
별자리를 끌어다 판매 영역에 두면
별자리가 <color=yellow>판매</color>되고 
골드를 획득할 수 있습니다","拖拽星座時，下方的<color=yellow>販售區域</color>會被啟動。
將星座拖拽到販售區域即可<color=yellow>販售</color>
星座並獲得金幣。","При перетаскивании созвездия внизу активируется <color=yellow>область продажи</color>. 
Перетащите созвездие в область продажи, чтобы <color=yellow>продать</color> его и получить золото."
UI_Quest_Content7,"准备就绪后，
点击右下角的<color=yellow>[开始战斗]</color>
开始战斗
并踩踏星座
攻击敌人并<color=yellow>获胜</color>","After you're ready for battle,
click <color=yellow>[Start Battle]</color> at the bottom right
to start the battle
and step on the constellations
to attack the enemy and <color=yellow>win</color>","戦闘準備を終えて
右下の [<color=yellow>戦闘開始</color>] 
タップして戦闘を始めます。

そして星座を踏んで 
敵を攻撃し<color=yellow>勝利</color>してください。","전투 준비를 마치고
우측하단 [<color=yellow>전투시작</color>]을 
눌러 전투를 시작하세요

그리고 별자리를 밟아 
적을 공격해 <color=yellow>승리</color>하세요","完成戰鬥準備後，點擊右下角的[<color=yellow>開始戰鬥</color>]按鈕開始戰鬥。
踩踏星座來攻擊敵人並取得<color=yellow>勝利</color>。","Завершите подготовку к бою и нажмите [<color=yellow>Начать бой</color>] в правом нижнем углу, чтобы начать сражение. 
Наступайте на созвездия, чтобы атаковать врагов и одержать <color=yellow>победу</color>."
,,,,,,
UI_Quest_Goal1,"- 完成条件 - 
移动角色 (0/5)","Completion Conditions 
Move Character (0/5)","クリア条件
キャラクターを移動する(0/5)","완료 조건
캐릭터 이동하기 (0/5)","完成條件 
移動角色 (0/5)","Условие выполнения 
Движение персонажа (0/5)"
UI_Quest_Goal2,"- 完成条件 - 
存活 10 秒 (0/10 秒)","Completion Conditions 
Survive for 10 seconds (0/10 seconds)","クリア条件
10秒間生き残る（0/10秒）","완료 조건
10초 동안 생존하기 (10초)","完成條件 
生存10秒 (10秒)","Условие выполнения 
Выживание 10 секунд (10сек)"
UI_Quest_Goal3,"完成条件
安装 3 个星座 (0/3)","Completion Conditions 
Install 3 constellations (0/3)","クリア条件
星座3個を設置する（0/3個）","완료 조건
별자리 3개 배치하기
(설치 0/3개)","完成條件 
配置3個星座 (已安裝 0/3個)","Условие выполнения 
Размещение 3 созвездий (установлено 0/3)"
UI_Quest_Goal3_1,"完成条件
激活3颗星
(激活 0/3 星)","Completion Conditions 
Activate 3 stars
(0/3 stars Activated)","完了条件
星を3つ活性化する
（活性化された星0/3個）","완료 조건
별자리 3개 활성화하기
(활성화 된 별 0/3개)","完成條件 
啟動3個星座 (已啟動的星 0/3個)","Условие выполнения 
Активация 3 созвездий (активированных звёзд 0/3)"
UI_Quest_Goal4,"- 完成条件 - 
旋转星座 (0/5)","Completion Conditions 
Rotate the Constellation (0/5)","クリア条件
星座5個を回転する（0/５個）","완료 조건
별자리 회전시키기 (0/5)","完成條件 
旋轉星座 (0/5)","Условие выполнения 
Поворот созвездий (0/5)"
UI_Quest_Goal5,"- 完成条件 - 
储存 4 个星座 (0/4)","Completion Conditions 
Store 4 constellations (0/4)","クリア条件
星座を4個保管する（0/4個）","완료 조건
별자리 4개 보관하기 (0/4개)","完成條件 
收納4個星座 (0/4個)","Условие выполнения 
Сохранение 4 созвездий (0/4)"
UI_Quest_Goal6,"完成条件
出售 4 个星座 (0/2)","Completion Conditions 
Sell 4 constellations (0/2)","クリア条件 
星座を4個販売する（0/2個）","완료 조건
별자리 4개 판매하기 (0/2개)","完成條件 
賣4個星座 (0/2個)","Условие выполнения 
Продажа 4 созвездий (0/2)"
UI_Quest_Goal7,"- 完成条件 - 
赢得战斗 (0/1)","Completion Conditions 
Win the Battle (0/1)","クリア条件
戦いに勝つ(0/1)","완료 조건
전투 승리 (0/1)","完成條件 
戰鬥勝利 (0/1)","Условие выполнения 
Победа в бою (0/1)"
,,,,,,
UI_Button_FinalBossRetry,最终 Boss 再次挑战,Final Boss Re-challenge,最後のボス再挑戦,마지막 보스 재도전,最終頭目 重新挑戰,Последний босс Переиграть
UI_Button_Reroll,"刷新 (1G)
快捷键：D","ReRoll (1G)
HotKey: D","リロール(1G)
リロールキー：D","새로고침(1G)
단축키: D","重新整理(1G) 
快捷鍵: D","Обновить(1G) 

Горячая 
клавиша: D"
UI_Button_ButtleStart,战斗开始,Battle Start,戦闘開始,전투 시작,開始戰鬥,Начать бой
UI_Button_Sell,售价：{0}G,Selling Price: {0}G,販売価格：{0} G,판매 가격: {0}G,販賣價格: {0}G,Цена продажи: {0}G
UI_Button_Check,查看,Check,確認,확인,確認,"Подтве
рдить"
UI_Button_GameExit,游戏结束,Game Exit,ゲーム終了,게임종료,遊戲結束,Конец игры
UI_Button_ReStart,返回菜单,Back To Menu,メニューに戻る,메뉴로 돌아가기,回到選單,Вернуться в меню
UI_Button_Retry,重试,Retry,再試行,재시도,重試,Повторить
UI_Button_Title,标题,Title,タイトル,타이틀,標題,Титры
UI_Button_Try,前进,Go!,進む,진행하기,繼續,Продолжить
UI_Button_Yas,是的,Yes,はい,네,是,Да
UI_Button_No,不,No,いいえ,아니오,否,Нет
UI_Button_Load,载入游戏,CONTINUE,続ける,이어하기,載入遊戲,"	Загрузить игру"
UI_Button_Start,开始,GAME START,ゲームスタート,게임 시작,開始遊戲,Начать игру
UI_Button_Guide,教程,TUTORIAL,チュートリアル,튜토리얼,教學,Урок
UI_Button_Book,星座图鉴,CONSTELLATION,星座図鑑,별자리 도감,星座圖鑑,Энциклопедия
UI_Button_Credit,信用,Credit,クレジット,크레딧,製作人員,Титры
UI_Button_Close,关闭,Close,閉じる,닫기,關閉,Закрыть
UI_Button_Easy,简单的,Easy,イージー,쉬움,簡單,Лёгкий
UI_Button_Nomal,普通的,Normal,ノーマル,보통,普通,Обычный
UI_Button_Hard,难的,Hard,ハード,어려움,困難,Сложный
UI_Button_VeryHard,地狱,Hell,地獄,지옥,地獄,Ад
UI_Button_Setting,设置,SETTING,設定,환경 설정,環境設定,Настройки
UI_Button_Exit,退出游戏,EXIT GAME,ゲーム終了,게임 종료,遊戲結束,Завершить игру
UI_Button_CheckGameGiveUp,保存游戏,Save Game,ゲームをセーブする,게임 저장,儲存遊戲,"Сохранить 
игру"
UI_Button_CheckGameContinue,继续游戏,"Continue 
the game",ゲームを続ける,게임 계속,繼續遊戲,Продолжить игру
UI_Button_Back,返回 ,Back,戻る,돌아가기,返回,Назад
UI_Button_License,授权,License,ライセンス,라이선스,授權,Лицензия
UI_Button_DataSaveYas,协议,OK ,同意,동의,同意,Согласен
UI_Button_DataSaveNo,拒绝,NO,拒否,거절,拒絕,Отклонить
UI_Button_DataSaveMore,"详细信息
(Steam)","Learn More 
(Steam)","詳しく
(Steam)","자세히
(Steam)","詳細 
(Steam)","Подробнее 
(Steam)"
UI_Button_OneTimeMore,再来一次…,One More Time…,もう一回…,한번만 더…,再來一次…,Ещё раз…
,,,,,,
UI_Text_ProbabilityTable,概率表,Probability Table,確率表,확률표,機率表,Таблица вероятностей
UI_Text_Resolution,解决,Resolution,解像度,해상도,解析度,Разрешение
UI_Text_Language,语言,Language,言語,언어,語言,Язык
UI_Text_FullScreen,全屏,Full screen,全画面,전체화면,全螢幕,Полный экран
UI_Text_Lock,点击锁定,Click to Lock,クリックしてロック,클릭하여 잠금,點擊鎖定,Нажмите для блокировки
UI_Text_Vectory,胜利！,Victory!,勝利！,승리!,勝利!,Победа!
UI_Text_Lose,击败..,Defeat..,敗北..,패배..,敗北..,Поражение..
UI_Text_NomalProbability,正态：{0}%,Normal: {0}%,一般：{0}%,일반: {0}%,一般: {0}%,Обычный: {0}%
UI_Text_RareProbability,<color=#B6E6FE>稀有</color>：{0}%,<color=#B6E6FE>Rare</color>: {0}%,<color=#B6E6FE>レア</color>：{0}%,<color=#B6E6FE>희귀</color>: {0}%,<color=#B6E6FE>稀有</color>: {0}%,<color=#B6E6FE>Редкий</color>: {0}%
UI_Text_EpicProbability,<color=#E2ACFE>英雄</color>：{0}%,<color=#E2ACFE>Epic</color>: {0}%,<color=#E2ACFE>英雄</color>: {0}%,<color=#E2ACFE>영웅</color>: {0}%,<color=#E2ACFE>英雄</color>: {0}%,<color=#E2ACFE>Героический</color>: {0}%
UI_Text_LegendaryProbability,<color=#FEB996>传奇</color>：{0}%,<color=#FEB996>Legend</color>: {0}%,<color=#FEB996>伝説</color>: {0}%,<color=#FEB996>전설</color>: {0}%,<color=#FEB996>傳說</color>: {0}%,<color=#FEB996>Легендарный</color>: {0}%
UI_Text_MythicProbability,<color=#A6E6D9>神话</color>：{0}%,<color=#A6E6D9>Mythic</color>: {0}%,<color=#A6E6D9>神話</color>：{0}%,<color=#A6E6D9>신화</color>: {0}%,<color=#A6E6D9>神話</color>: {0}%,<color=#A6E6D9>Мифический</color>: {0}%
UI_Text_MythicSingle,"神话星座不可重复
",No duplicate Mythic Constellations,神話星座は重複不可,신화는 중복 소지 불가,神話無法重複持有,Мифические нельзя иметь дубликаты
UI_Text_MasterVolume,全体音量,Master Volume,マスターボリューム,마스터 볼륨,主音量,Общая громкость
UI_Text_BGMVolume,音乐音量,Music Volume,BGMボリューム,음악 볼륨,音樂音量,Громкость музыки
UI_Text_SoundEffectVolume,音效音量,Sound Effect Volume,効果音ボリューム,효과음 볼륨,音效音量,Громкость эффектов
UI_Text_OpportunityLeft,剩余机会,Lives,残りのチャンス,남은 기회,剩餘機會,попытки
UI_Text_GameClear,清除,Clear,クリア,클리어,通關,Пройдено
UI_Text_QuestEnd_Title,- 指南完成 -,- Guide Complete -,- ガイド完了 -,튜토리얼 완료,教學完成,Урок завершён
UI_Text_QuestEnd_Content,"您已完成所有指南
强大的敌人正在等着您
放置众多星座
与敌人战斗并取得胜利","You have completed all the guides
Very powerful enemies await you
Place numerous constellations
Fight the enemies and win","すべてのガイドを進めました
強力な敵があなたを待っています
色んなの星座を配置し、 
敵と戦い勝って見ましょう","모든 가이드를 진행했습니다
매우 강력한 적들이 당신을 기다립니다
수많은 별자리를 배치하고 
적들과 싸워 승리하세요","已完成所有指南
非常強大的敵人正在等待您
配置眾多星座並與敵人戰鬥獲得勝利","Все руководства пройдены
Очень сильные враги ждут вас
Разместите множество созвездий
Сражайтесь с врагами и победите"
UI_Text_QuestEnd_Lose,- 失败 -,- Defeat -,-敗北-,- 패배 -,- 敗北 -,- Поражение -
UI_Text_QuestEnd_Restart,放置更多星座并重试,Place more constellations and try again,"もっと星座を配置し
再挑戦してみてください","더 많은 별자리를 배치해
재도전 해보세요",配置更多星座重新挑戰,Разместите больше созвездий и попробуйте снова
UI_Text_Language,语言,Language,言語,언어,語言,Язык
UI_Text_Playtutorial,您想观看教程吗？,Would you like to watch the tutorial?,チュートリアルを見ますか？,튜토리얼을 보시겠습니까?,要觀看教學嗎？,Хотите посмотреть урок?
UI_Text_LevelSetting,选择难度,Select difficulty,難易度を選択してください,난이도를 선택하세요,請選擇難度,Выберите сложность
UI_Text_EasyDescription,<color=green>Boss攻击速度降低30%</color>,<color=green>Boss attack speed reduced by 30%</color>,<color=green>ボス攻撃速度30%減少</color>,<color=green>보스 공격 속도 30% 감소</color>,<color=green>頭目攻擊速度減少30%</color>,<color=green>Скорость атаки босса снижена на 30%</color>
UI_Text_NomalDescription,标准难度,Standard Difficulty,基準難易度,기준 난이도,基準難度,Базовая сложность
UI_Text_HardDescription,"<color=red>完成普通难度时解锁
Boss攻击速度增加30%
Boss生命值增加30%","<color=red>Unlocked after clearing Normal Difficulty
Boss attack speed increased by 30%
Boss health increased by 30%","<color=red>通常難易度クリア時解禁
ボス攻撃速度30%増加
ボス体力30％増加","<color=red>보통 난이도 클리어 시 해금
보스 공격 속도 30% 증가
보스 체력 30% 증가","<color=red>通關普通難度後解鎖
頭目攻擊速度增加30%
頭目體力增加30%</color>","<color=red>Разблокируется после прохождения обычной сложности
Скорость атаки босса увеличена на 30%
Здоровье босса увеличено на 30%</color>"
UI_Text_HellDescription,"<color=red>普通难度通关解锁
Boss攻击速度提升30%
Boss生命值提升50%
玩家初始生命值为1（最大生命值为100）</color>","<color=red>Unlocked after clearing Normal Difficulty
Boss attack speed increased by 30%
Boss health increased by 50%
Player starts ""with"" health 1 (max health 100)</color>","<color=red>通常難易度クリア時解禁
ボス攻撃速度30%増加
ボス体力50％増加
プレイヤースタートHP1
（最大体力は100）</color>","<color=red>보통 난이도 클리어 시 해금
보스 공격 속도 30% 증가
보스 체력 50% 증가
플레이어 시작 체력 1 (최대 체력은 100)</color>","<color=red>通關普通難度後解鎖
頭目攻擊速度增加30%
頭目體力增加50%
玩家起始體力1 (最大體力為100)</color>","<color=red>Разблокируется после прохождения обычной сложности
Скорость атаки босса увеличена на 30%
Здоровье босса увеличено на 50%
Начальное здоровье игрока 1 (максимальное здоровье 100)</color>"
UI_Text_UnlockedTile,已解锁！,Unlocked!,解禁！,해금됨!,已解鎖！,Разблокировано!
UI_Text_UnlockedTileCount,已解锁{0}个星座。,{0} constellations have been unlocked.,{0}個の星座が解禁されました。,{0}개의 별자리가 해금됐습니다.,{0}個星座已解鎖。,{0} созвездий разблокировано.
UI_Text_TileUnlockConditions,"解锁条件

完成{0}个关卡。","Unlock Conditions

Clear {0} stage.","解禁条件

{0}ステージクリア。","해금조건

{0} 스테이지 클리어.","解鎖條件 

通關{0}關卡。","Условие разблокировки

Пройти {0} стадию."
UI_Text_CheckGameTitle,保存游戏并返回标题界面。,"Save the game and return to the title screen.
","ゲームをセーブしてタイトル画面に戻ります。
","게임을 저장하고 타이틀로 돌아갑니다.
","儲存遊戲並返回標題畫面。
","Сохранить игру и вернуться в главное меню.
"
UI_Text_ClearText,感谢您游玩本游戏！,Thank you for playing!,"プレイしていただき
ありがとうございます！","플레이 해주셔서 
감사합니다!",感謝您的遊玩！,Спасибо за игру!
UI_Text_Start,开始,Start,開始,시작,開始,Начать
UI_Text_DataSaveTitle,关于数据收集与使用的说明,Data Collection & Usage Notice,データの収集および利用に関するご案内,데이터 수집 및 이용 안내,資料收集及使用說明,Уведомление о сборе и использовании данных
UI_Text_DataSaveDescription,"为了提供更好的游戏体验，我们会出于服务优化和修复漏洞等目的，收集匿名的游戏使用数据（如游戏记录、设备信息等）。
我们使用 <b>Unity Analytics</b> 进行数据分析，所收集的信息将被安全管理。
详细信息请参阅 Steam 商店页面中的 <b>[隐私政策]</b>。
<b>您是否同意我们收集和使用您的游戏数据？</b>","To provide a better gameplay experience, we collect anonymous gameplay data (such as play records, device information, etc.) for service improvement and bug fixes.
We use <b>Unity Analytics</b> to analyze this data, and all collected information is securely managed.
For more details, please refer to the <b>[Privacy Policy]</b> in the  Steam store page.
<b>Do you agree to the collection and use of gameplay data?</b>","より良いゲームプレイ体験を提供するために、サービスの改善およびバグ修正を目的として、匿名のゲーム利用データ（プレイ履歴、端末情報など）を収集しています。
データの分析には <b>Unity Analytics</b> を使用しており、収集された情報は安全に管理されます。
詳しくは、Steamストアページの <b>[プライバシーポリシー]</b> をご確認ください。
<b>ゲームデータの収集および利用に同意しますか？</b>","더 나은 게임 플레이 환경을 제공하기 위해,
서비스 개선 및 버그 수정 등을 목적으로 익명의 게임 이용 데이터(플레이 기록, 기기 정보 등)를 수집합니다.
데이터 분석을 위해 <b> Unity Analytics</b> 를 이용하며,
수집된 정보는 안전하게 관리됩니다.
자세한 내용은 스팀 상점 페이지의
<b>[개인정보 처리방침]</b>을 참고해 주세요.
<b>게임 데이터 수집 및 이용에 동의하십니까?</b> ","為了提供更好的遊戲環境，以服務改善及錯誤修正等為目的，我們會收集匿名的遊戲使用資料(遊玩記錄、裝置資訊等)。
為了資料分析會使用<b>Unity Analytics</b>，收集的資訊會被安全管理。
詳細內容請參考Steam商店頁面的<b>[隱私權政策]</b>。
<b>您是否同意遊戲資料的收集及使用？</b>","Для предоставления лучшей игровой среды мы собираем анонимные данные об игре (записи прохождения, информацию об устройстве и т.д.) с целью улучшения сервиса и исправления багов.
Для анализа данных используется <b>Unity Analytics</b>,
собранная информация надёжно защищена.
Подробности смотрите в <b>[Политике конфиденциальности]</b> на странице Steam.
<b>Согласны ли вы на сбор и использование игровых данных?</b>"
UI_Text_NowStage,{0} 关,Stage {0},ステージ {0},스테이지 {0},{0} 關,Этап {0}
UI_Text_NowInfinityMode,无限模式 {0}等级,Infinite Mode {0}Level,無限モード {0}レベル ,무한모드 {0}단계,無限模式 {0}等級,Бесконечный режим {0}Уровень
UI_Text_InfinityText,"就此结束太可惜了
为您准备的无限模式

每次点击
BOSS都会变得更强!
综合使用
所有BOSS的招式。","Too good to end here
Infinite Mode for you

Each click makes
the boss stronger!
Uses combined patterns
from all bosses.","このまま終わるのは惜しい
あなたのための無限モード

クリックするたびに
ボスがより強くなります！
全てのボスのパターンを
組み合わせて使用します。","이대로 끝내기 아쉬운
당신을 위한 무한 모드

클릭할 때마다
보스가 더 강해집니다!
모든 보스의 패턴을
종합해서 사용합니다.","就此結束太可惜了
為您準備的無限模式

每次點擊
BOSS都會變得更強！
綜合使用
所有BOSS的招式。","Жаль заканчивать на этом
Бесконечный режим для вас

С каждым кликом
босс становится сильнее!
Использует комбинированные
паттерны всех боссов."
