Key,Chinese (Simplified)(zh),English(en),Japanese(ja),Korean(ko)
Tile_TileName_ArchmageStaffTile,大法师之杖,Archmage Staff,大魔法使いの杖,대마법사의 지팡이
Tile_TileName_ArmorTile,护甲,Armor,鎧,갑옷
Tile_TileName_BigHeartTile,大心脏,Big Heart,ビックハート,큰 하트
Tile_TileName_DamageTotemTile,愤怒图腾,Anger Totem,怒りのトーテム,분노 토템
Tile_TileName_FireBallTile,火球,Fire Ball,ファイアボール,화염구
Tile_TileName_FireBoltTile,火焰箭,Fire Bolt,ファイアボルト,화염살
Tile_TileName_FrostStaffTile,冰霜法杖,Frost Staff,氷の杖,냉기 지팡이
Tile_TileName_HatTile,帽子,Hat,魔法使いの帽子,모자
Tile_TileName_HealTotemTile,治疗图腾,Heal Totem,癒しのトーテム,치유 토템
Tile_TileName_HeartTile,心脏,Heart,ハート,하트
Tile_TileName_IcicleTile,冰锥,Icicle,つらら,고드름
Tile_TileName_KoreaTotemTile,战争图腾,War Totem,戦のトーテム,전쟁 토템
Tile_TileName_RobeTile,长袍,Robe,魔法使いのローブ,로브
Tile_TileName_SwordTile,剑,Sword,剣召喚,검 소환
Tile_TileName_WarFlagTile,战旗,War Flag,戦の旗,전쟁 깃발
Tile_TileName_ClockTile,钟,Clock,時計,시계
Tile_TileName_CloudTile,云,Cloud,雲,구름
Tile_TileName_CrowTile,乌鸦,Crow,カラス,까마귀
Tile_TileName_FlamingSwordTile,火焰剑,Flaming Sword,燃える剣,불타는 검
Tile_TileName_FrostHammerTile,冰锤,Ice Hammer,氷のハンマー,얼음 망치
Tile_TileName_GoddessTile,女神雕像,Statue of Goddess,女神賞,여신상
Tile_TileName_GuideStaffTile,新手法杖,Beginner's Staff,初心者の杖,초심자의 지팡이
Tile_TileName_HauntedDollTile,诅咒娃娃,Cursed Doll,呪い人形,저주 인형
Tile_TileName_KabutoTile,独角仙,Rhinoceros Beetle,カブトムシ,장수풍뎅이
Tile_TileName_ManaAITile,法力人工智能,Mana AI,マナAI,마나 AI
Tile_TileName_ManaTurretTile,法力塔,Mana Tower,マナタワー,마나포탑
Tile_TileName_NecronomiconTile,死灵之书,Necronomicon,ネクロノミコン,네크로노미콘
Tile_TileName_PhantomTile,恶灵,Evil Spirit,悪霊,악령
Tile_TileName_RainbowTile,彩虹,Rainbow,虹,무지개
Tile_TileName_RainCloudTile,雨云,Rain Cloud,雨雲,비구름
Tile_TileName_StaffTile,甘蔗,Staff,魔法使いの杖,지팡이
Tile_TileName_TotemBaseTile,图腾斑点,Totem Spot,トーテム席,토템 자리
Tile_TileName_ThunderStormCloudTile,雷雨,Thunderstorm,雷雨,뇌우
Tile_TileName_TurtleTile,龟,Turtle,カメ,거북이
Tile_TileName_WraithTile,阴凉处,Shade,亡霊,망령
Tile_TileName_HellFireTile,地狱火,Hellfire,地獄の火,지옥불
Tile_TileName_WandTile,魔杖,Wand,魔法使いの棒,완드
Tile_TileName_MoaiTotemTile,古代图腾,Ancient Totem,古代トーテム,고대 토템
Tile_TileName_MagmaBladeTile,熔岩之刃,Lava Blade,溶岩の刃,용암 칼날
Tile_TileName_CatTile,猫巫师,Cat Wizard,魔法使い猫,고양이 마법사
,,,,
Tile_TileDescription_ArchmageStaffTile,"发射一枚威力强大的投射物。
(伤害：<color=red>40</color>)
效果取决于<color=yellow>星 <sprite name=""Star""> 上的时钟和雕像数量。（不可重复）
<color=yellow>1</color>：伤害提升至 <color=red>50</color>。
<color=yellow>2</color>：发射 3 枚投射物，伤害分别为 <color=red>30</color>。","Fires a powerful projectile. 
(Damage: <color=red>40</color>)
The effect is based on the number of clocks and statues <color=yellow>located on the Star <sprite name=""Star""></color>
<color=yellow>1</color>: Damage increases to <color=red>50</color>.
<color=yellow>2</color>: Fires 3 projectiles with <color=red>30</color> damage.","強力な弾を発射します。 
(ダメージ：<color=red>40</color>)
<color=yellow>星<sprite name=""Star"">に位置する</color>時計、女神像の種類に応じて以下の効果を得ます。
<color=yellow>1個</color>：ダメージが<color=red>50</color>に増加します。
<color=yellow>2個</color>：ダメージ<color=red>30</color>の弾を3個発射します。","강력한 투사체를 발사합니다. 
(피해량: <color=red>40</color>)
<color=yellow>별<sprite name=""Star"">에 위치한</color> 시계, 여신상의 종류에 따라 이하의 효과를 얻습니다.
<color=yellow>1개</color>: 피해량이 <color=red>50</color>으로 증가합니다.
<color=yellow>2개</color>: 피해량 <color=red>30</color>의 투사체를 3개 발사합니다."
Tile_TileDescription_ArmorTile,"获得一个<sprite name=""Shield"">。","Obtain a Shield<sprite name=""Shield"">.","シールド<sprite name=""Shield"">を獲得します。","방어막<sprite name=""Shield"">을 획득합니다."
Tile_TileDescription_BigHeartTile,"<color=yellow>星云 (3)</color>：恢复 <color=green>5</color> 点生命值。
如果一颗 <color=yellow>星星<sprite name=""Star"">上有 3 个或更多魔法阵 <sprite name=""MagicCircle"">，则恢复 <color=green>10</color> 点生命值。","<color=yellow>Nebula (3)</color>: Restores <color=green>5</color> health. 
If there are 3 or more magic circles <sprite name=""MagicCircle""> <color=yellow>located on the Star<sprite name=""Star""></color>, restores <color=green>10</color> health.","<color=yellow>星雲(3)</color>: 体力を<color=green>5</color>回復します。
<color=yellow>星<sprite name=""Star"">に位置する</color>魔法陣<sprite name=""MagicCircle"">が3つ以上の場合、体力を<color=green>10</color>回復します。","<color=yellow>성운(3)</color>: 체력을 <color=green>5</color> 회복합니다.
<color=yellow>별<sprite name=""Star"">에 위치한</color> 마법진<sprite name=""MagicCircle"">이 3개 이상이라면, 체력을 <color=green>10</color>회복합니다."
Tile_TileDescription_DamageTotemTile,"堆叠图腾 <sprite name=""Totem"">。堆叠 3 个图腾 <sprite name=""Totem""> 时激活。
<color=yellow>激活时</color>：获得 2 个诅咒 <sprite name=""Curse"">。
<color=yellow>强化时</color>：获得 2 个诅咒 <sprite name=""Curse""> 并发射一枚投射物，该投射物对敌人造成伤害，伤害量与敌人身上的诅咒 <sprite name=""Curse""> 数量成正比。
(伤害：<color=red>诅咒 <sprite name=""Curse"">（最低 1 个）</color>)
<color=yellow>在 <sprite name=""Star""> 上每召唤一个 <sprite name=""Summon"">，冷却时间减少 10%。","Stacks totems <sprite name=""Totem"">. Activates when 3 totems <sprite name=""Totem""> are stacked.
<color=yellow>On activate</color>: Inflict 2 Curse <sprite name=""Curse"">.
<color=yellow>On enhancement</color>: Inflict 2 Curse <sprite name=""Curse""> and fires a projectile that deals damage proportional to the number of Curses <sprite name=""Curse""> on the enemy.
(Damage: <color=red>Curse <sprite name=""Curse""> (Minimum 1)</color>)
Cooldown is reduced by 10% for each Summon <sprite name=""Summon""> <color=yellow>located on the Star <sprite name=""Star"">.","トーテム<sprite name=""Totem"">を積み重ねます。 3つのトーテム<sprite name=""Totem"">が積み重なると発動します。
<color=yellow>発動時</color>：呪い<sprite name=""Curse"">を2付与します。
<color=yellow>強化時</color>：呪い<sprite name=""Curse"">を2付与し、敵に付与された呪い<sprite name=""Curse"">個数に比例してダメージが増加する弾を発射します。
(ダメージ：<color=red>呪い<sprite name=""Curse"">カウント（最小1）</color>)
<color=yellow>星<sprite name=""Star"">に位置する</color>召喚獣<sprite name=""Summon"">ごとにクールタイムが10%減少します。","토템<sprite name=""Totem"">을 쌓습니다. 3개의 토템<sprite name=""Totem"">이 쌓이면 발동합니다.
<color=yellow>발동 시</color>: 저주<sprite name=""Curse"">를 2 부여합니다. 
<color=yellow>강화 시</color>: 저주<sprite name=""Curse"">를 2 부여하고 적에게 부여된 저주<sprite name=""Curse""> 개수에 비례해 피해가 증가하는 투사체를 발사합니다.
(피해량: <color=red>저주<sprite name=""Curse""> 개수 (최소 1)</color>) 
<color=yellow>별<sprite name=""Star"">에 위치한</color> 소환수<sprite name=""Summon"">마다 쿨타임이 10% 감소합니다."
Tile_TileDescription_FireBallTile,"发射 3 枚投射物。
(伤害：<color=red>8</color>)
<color=yellow>击中</color>时：获得<sprite name=""Fire"">。
如果<color=yellow>星</color>上有 3 个或更多 <sprite name=""MagicCircle"">，则额外发射 1 枚投射物。","Fires 3 projectiles.
(Damage: <color=red>8</color>)
<color=yellow>On Hit</color>: Inflict 1 Burn <sprite name=""Fire"">.
If there are 3 or more MagicCircles<sprite name=""MagicCircle""> <color=yellow>located on the Star<sprite name=""Star""></color>, fires 1 additional projectile.","3つの弾を発射します。
(ダメージ: <color=red>8</color>)
<color=yellow>ヒット時</color>: 炎<sprite name=""Fire"">を付与します。
<color=yellow>星<sprite name=""Star"">に位置する</color>魔法陣<sprite name=""MagicCircle"">が3つ以上の場合、1つの弾をさらに発射します。","3개의 투사체를 발사합니다.
(피해량: <color=red>8</color>)
<color=yellow>적중 시</color>: 화염<sprite name=""Fire"">을 부여합니다.
<color=yellow>별<sprite name=""Star"">에 위치한</color> 마법진<sprite name=""MagicCircle"">이 3개 이상이라면, 1개의 투사체를 더 발사합니다."
Tile_TileDescription_FireBoltTile,"发射一枚投射物。
(伤害：<color=red>8</color>)
<color=yellow>击中</color>时：获得<sprite name=""Fire"">。
如果<color=yellow>星</color>上有 3 个或更多 <sprite name=""MagicCircle"">，则额外发射 1 枚投射物。","Fires a projectile. 
(Damage: <color=red>8</color>)
<color=yellow>On Hit</color>: Inflict 1 Burn <sprite name=""Fire"">.
If there are 3 or more MagicCircles<sprite name=""MagicCircle""> <color=yellow>located on the Star<sprite name=""Star""></color>, fires 1 additional projectile.","弾を発射します。 
(ダメージ: <color=red>8</color>)
<color=yellow>ヒット時</color>: 炎<sprite name=""Fire"">を付与します。
<color=yellow>星<sprite name=""Star"">に位置する</color>魔法陣<sprite name=""MagicCircle"">が3つ以上の場合、1つの弾をさらに発射します。","투사체를 발사합니다. 
(피해량: <color=red>8</color>)
<color=yellow>적중 시</color>: 화염<sprite name=""Fire"">을 부여합니다.
<color=yellow>별<sprite name=""Star"">에 위치한</color> 마법진<sprite name=""MagicCircle"">이 3개 이상이라면, 1개의 투사체를 더 발사합니다."
Tile_TileDescription_FrostStaffTile,"发射一枚投射物。
(伤害：<color=red>15</color>)
<color=yellow>命中</color>：造成 1 个 <sprite name=""Ice"">","Fires a projectile.
(Damage: <color=red>15</color>)
<color=yellow>On Hit</color>: Inflict 1 Frostbite<sprite name=""Ice"">","弾を発射します。
(ダメージ：<color=red>15</color>)
<color=yellow>ヒット時</color>: 凍傷<sprite name=""Ice"">を1付与します。","투사체를 발사합니다.
(피해량: <color=red>15</color>)
<color=yellow>적중 시</color>: 동상<sprite name=""Ice"">을 1 부여합니다."
Tile_TileDescription_HatTile,"获得 15 个 <sprite name=""Barrier"">盾牌。","Gain 15 Barrier<sprite name=""Barrier"">.","バリア<sprite name=""Barrier"">を15獲得します。","보호막<sprite name=""Barrier"">을 15 획득합니다."
Tile_TileDescription_HealTotemTile,"堆叠图腾 <sprite name=""Totem"">。堆叠 3 个图腾 <sprite name=""Totem""> 时激活。
<color=yellow>激活时</color>：恢复 <color=green>5</color> 点生命值。
<color=yellow>强化时</color>：恢复量翻倍。
<color=yellow>每召唤一个位于 <sprite name=""Star""> 上的 <sprite name=""Summon"">，冷却时间减少 10%。","Stacks totems <sprite name=""Totem"">. Activates when 3 totems <sprite name=""Totem""> are stacked.
<color=yellow>On activate</color>: Restores <color=green>5</color> health.
<color=yellow>On enhancement</color>: The amount recovered is doubled.
Cooldown is reduced by 10% for each summon <sprite name=""Summon""> <color=yellow>located on The Star<sprite name=""Star""></color>.","トーテム<sprite name=""Totem"">を積み重ねます。 3つのトーテム<sprite name=""Totem"">が積み重なると発動します。
<color=yellow>発動時</color>: 体力を<color=green>5</color>回復します。
<color=yellow>強化時</color>: 回復量が2倍になります。
<color=yellow>星<sprite name=""Star"">に位置する</color>召喚獣<sprite name=""Summon"">ごとにクールタイムが10%減少します。","토템<sprite name=""Totem"">을 쌓습니다. 3개의 토템<sprite name=""Totem"">이 쌓이면 발동합니다.
<color=yellow>발동 시</color>: 체력을 <color=green>5</color> 회복합니다.
<color=yellow>강화 시</color>: 회복량이 2배가 됩니다.
<color=yellow>별<sprite name=""Star"">에 위치한</color> 소환수<sprite name=""Summon"">마다 쿨타임이 10% 감소합니다."
Tile_TileDescription_HeartTile,"恢复 <color=green>5</color> 点生命值。如果 <color=yellow>星星<sprite name=""Star"">上有三个或更多魔法阵 <sprite name=""MagicCircle"">，则恢复 <color=green>10</color> 点生命值。","Restores <color=green>5</color> health. 
If there are 3 or more magic circles <sprite name=""MagicCircle""> <color=yellow>located on the Star<sprite name=""Star""></color>, restores <color=green>10</color> health.","体力を<color=green>5</color>回復します。
<color=yellow>星<sprite name=""Star"">に位置する</color>魔法陣<sprite name=""MagicCircle"">が3つ以上の場合、体力を<color=green>10</color>回復します。","체력을 <color=green>5</color>회복합니다.
<color=yellow>별<sprite name=""Star"">에 위치한</color> 마법진<sprite name=""MagicCircle"">이 3개 이상이라면, 체력을 <color=green>10</color>회복합니다."
Tile_TileDescription_IcicleTile,"<color=yellow>星云 (3)</color>：发射一枚投射物。
(伤害：<color=red>7</color>)
<color=red>击中时：</color>获得 1 个 <sprite name=""Ice"">","<color=yellow>Nebula (3)</color>: Fires a projectile.
(Damage:<color=red>7</color>)
<color=red>On Hit:</color> Inflict 1 Frostbite<sprite name=""Ice"">","<color=yellow>星雲(3)</color>: 弾を発射します。
(ダメージ：<color=red>7</color>)
<color=red>ヒット時：</color>凍傷<sprite name=""Ice"">を1付与します。","<color=yellow>성운(3)</color>: 투사체를 발사합니다.
(피해량:<color=red>7</color>)
<color=red>적중 시:</color> 동상<sprite name=""Ice"">을 1 부여합니다."
Tile_TileDescription_KoreaTotemTile,"堆叠图腾<sprite name=""Totem"">。当堆叠满3个图腾<sprite name=""Totem"">时发动。
<color=yellow>发动时</color>：4秒内对敌人施加10点临时诅咒<sprite name=""Curse"">。
<color=yellow>强化时</color>：4秒内对敌人施加20点临时诅咒<sprite name=""Curse"">。
每有一个位于星星<sprite name=""Star"">上的召唤物<sprite name=""Summon"">，冷却时间减少10%。","Stacks a Totem<sprite name=""Totem"">. When 3 Totems<sprite name=""Totem""> are stacked, it activates.
<color=yellow>On activate</color>: Applies 10 Temporary Curse<sprite name=""Curse""> to enemies for 4 seconds.
<color=yellow>On enhancement</color>: Applies 20 Temporary Curse<sprite name=""Curse""> to enemies for 4 seconds.
Cooldown is reduced by 10% for each Summon<sprite name=""Summon""> <color=yellow>located on the Star<sprite name=""Star""></color>.","トーテム<sprite name=""Totem"">を積み重ねます。 3つのトーテム<sprite name=""Totem"">が積み重なると発動します。
<color=yellow>発動時</color>：4秒間、敵に一時的な呪い<sprite name=""Curse"">を10付与します。
<color=yellow>強化時</color>：4秒間、敵に一時的な呪い<sprite name=""Curse"">を20付与します。
星<sprite name=""Star"">の上にいる召喚獣<sprite name=""Summon"">1体ごとにクールタイムが10%短縮されます。","토템<sprite name=""Totem"">을 쌓습니다. 3개의 토템<sprite name=""Totem"">이 쌓이면 발동합니다.
<color=yellow>발동 시</color>: 4초 동안 적에게 임시 저주<sprite name=""Curse"">를 10 부여합니다.
<color=yellow>강화 시</color>: 4초 동안 적에게 임시 저주<sprite name=""Curse"">를 20 부여합니다.
<color=yellow>별<sprite name=""Star"">에 위치한</color> 소환수<sprite name=""Summon"">마다 쿨타임이 10% 감소합니다."
Tile_TileDescription_RobeTile,"获得 30 个 <sprite name=""Barrier"">盾牌。","Gain 30 Barrier<sprite name=""Barrier"">.","バリア<sprite name=""Barrier"">を30獲得します。","보호막<sprite name=""Barrier"">을 30 획득합니다."
Tile_TileDescription_SwordTile,"召唤一把<sprite name=""Sword"">，所有剑都会攻击。
(伤害：<color=red>5</color>)
每有一个<sprite name=""Summon"">位于<color=yellow>星</color>上，冷却时间就会减少10%。","Summon a Sword<sprite name=""Sword""> and all swords attack. 
(Damage: <color=red>5</color>) 
Cooldown is reduced by 10% for each Summon<sprite name=""Summon""> <color=yellow>located on the Star<sprite name=""Star""></color>.","剣<sprite name=""Sword"">を召喚し、すべての剣が攻撃します。 
(ダメージ: <color=red>5</color>)
<color=yellow>星<sprite name=""Star"">に位置する</color>召喚獣<sprite name=""Summon"">ごとにクールタイムが10%減少します。","검<sprite name=""Sword"">을 소환하고 모든 검이 공격합니다. 
(피해량: <color=red>5</color>)
<color=yellow>별<sprite name=""Star"">에 위치한</color> 소환수<sprite name=""Summon"">마다 쿨타임이 10% 감소합니다."
Tile_TileDescription_WarFlagTile,"召唤 3 把剑 <sprite name=""Sword"">，每次召唤时，所有剑 <sprite name=""Sword""> 都会发起攻击。
(伤害：<color=red>5</color>)
每召唤一个位于 <color=yellow> 星 <sprite name=""Star""> 上的 <sprite name=""Summon""> ，冷却时间减少 10%。","Summon 3 Swords <sprite name=""Sword""> and each time you summon them, all Swords <sprite name=""Sword""> will attack. 
(Damage: <color=red>5</color>) 
Cooldown is reduced by 10% for each Summon <sprite name=""Summon""> <color=yellow>located on the Star <sprite name=""Star"">.","剣<sprite name=""Sword"">を3つ召喚し召喚するたびに、すべての剣<sprite name=""Sword"">が攻撃します。 
(ダメージ: <color=red>5</color>)
<color=yellow>星<sprite name=""Star"">に位置する</color>召喚獣<sprite name=""Summon"">ごとにクールタイムが10%減少します。","검<sprite name=""Sword"">을 3개 소환하고 소환할 때마다 모든 검<sprite name=""Sword"">이 공격합니다. 
(피해량: <color=red>5</color>)
<color=yellow>별<sprite name=""Star"">에 위치한</color> 소환수<sprite name=""Summon"">마다 쿨타임이 10% 감소합니다."
Tile_TileDescription_ClockTile,"<color=yellow>星 <sprite name=""Star> 上的图块的冷却时间减少 25%。</color>","The cooldown of tiles <color=yellow>located on the Star <sprite name=""Star></color> is reduced by 25%.","<color=yellow>星<sprite name=""Star>に位置する</color>タイルのクールタイムが25％減少します。","<color=yellow>별<sprite name=""Star>에 위치한</color> 타일의 쿨타임이 25% 감소합니다"
Tile_TileDescription_CloudTile,"<color=yellow>购买时</color>：云朵<sprite name=""Cloud"">会出现在商店中。
授予<sprite name=""Ice"">时，有20%的概率再次授予。
授予<sprite name=""fire"">时，有20%的概率不授予。","When inflicting Frostbite<sprite name=""Ice"">, there is a 20% chance to inflict it again.
When inflicting Burn<sprite name=""fire"">, there is a 20% chance to not inflict it.","凍傷 <sprite name=""Ice""> を付与するとき、20% の確率でもう一度付与します。
炎<sprite name=""fire"">を付与する場合、20%の確率で付与しません。","동상<sprite name=""Ice"">을 부여할 때 20% 확률로 한번 더 부여합니다.
화염<sprite name=""fire"">을 부여할 때 20% 확률로 부여하지 않습니다."
Tile_TileDescription_CrowTile,"<color=yellow>战斗开始时</color>：召唤一只乌鸦。
<color=yellow>消耗 15 个屏障时</color>：用 <sprite name=""Mark""> 标记敌人。","<color=yellow>Start of battle</color>: Summon a crow.
<color=yellow>When 15 Barriers<sprite name=""Barrier""> are consumed</color>: Mark enemies with a Mark<sprite name=""Mark"">.","<color=yellow>戦闘開始時</color>: カラスを召喚します。
<color=yellow>バリア<sprite name=""Barrier""> 15消費時</color>：敵に烙印<sprite name=""Mark"">を付与します。","<color=yellow>전투 시작 시</color>: 까마귀를 소환합니다.
<color=yellow>보호막<sprite name=""Barrier""> 15 소모 시</color>: 적에게 낙인<sprite name=""Mark"">을 부여합니다."
Tile_TileDescription_FlamingSwordTile,"下次攻击时，所有剑 <sprite name=""Sword""> 将获得 1 点火焰 <sprite name=""Fire"">。召唤一把剑 <sprite name=""Sword"">，所有剑都将攻击。
(伤害：<color=red>5</color>)
在 <color=yellow> 星 <sprite name=""Star""> 上，每召唤一个 <sprite name=""Summon"">，冷却时间减少 10%。","On the next attack, all swords <sprite name=""Sword""> will inflict 1 Burn <sprite name=""Fire"">. Summon a sword <sprite name=""Sword""> and all swords will attack.
(Damage: <color=red>5</color>)
Cooldown is reduced by 10% for each summon <sprite name=""Summon""> <color=yellow>located on the Star <sprite name=""Star"">.","次の攻撃では、すべての剣<sprite name=""Sword"">が炎<sprite name=""Fire"">を1付与します。
(ダメージ: <color=red>5</color>)
<color=yellow>星<sprite name=""Star"">に位置する</color>召喚獣<sprite name=""Summon"">ごとにクールタイムが10%減少します。","다음 공격 시 모든 검<sprite name=""Sword"">이 화염<sprite name=""Fire"">을 1 부여합니다. 검<sprite name=""Sword"">을 한 개 소환하고 모든 검이 공격합니다.
(피해량: <color=red>5</color>)
<color=yellow>별<sprite name=""Star"">에 위치한</color> 소환수<sprite name=""Summon"">마다 쿨타임이 10% 감소합니다."
Tile_TileDescription_FrostHammerTile,"发射一枚投射物。如果目标被冻结，伤害将乘以 <color=green>10</color>。<color=red>解除冻结状态。</color>
（伤害：<color=red>30</color>）
<color=yellow>击中</color>：造成 <sprite name=""Ice"">","Fires a projectile. If the target is frozen, the damage is multiplied by <color=green>10</color>. <color=red>Removes the frozen state.</color>
(Damage: <color=red>30</color>)
<color=yellow>On Hit</color>: Inflicts 1  Frostbite<sprite name=""Ice"">","弾を発射します。対象が氷結<sprite name=""Freeze"">状態の場合、ダメージが<color=green>10</color>倍になります。 
<color=red>氷結状態を解除します。</color>
（ダメージ：<color=red>30</color>）
<color=yellow>ヒット時</color>：凍傷<sprite name=""Ice"">を付与します。","투사체를 발사합니다. 대상이 빙결<sprite name=""Freeze""> 상태면 피해량이 <color=green>10</color>배가 됩니다. <color=red>빙결 상태를 해제합니다.</color>
(피해량:<color=red>30</color>)
<color=yellow>적중 시</color>: 동상<sprite name=""Ice"">을 부여합니다."
Tile_TileDescription_GoddessTile,"位于<color=yellow>星<sprite name=""Star"">上的<sprite name=""Weapon"">的伤害增加<color=green>3</color>。","The damage of the Weapon<sprite name=""Weapon""><color=yellow>located on the Star<sprite name=""Star""></color> increases by <color=green>3</color>.","<color=yellow>星<sprite name=""Star"">に位置する</color>武器<sprite name=""Weapon"">のダメージが<color=green>3</color>上昇します。","<color=yellow>별<sprite name=""Star"">에 위치한</color> 무기<sprite name=""Weapon"">의 피해량이 <color=green>3</color> 상승합니다."
Tile_TileDescription_GuideStaffTile,发射一颗充满新手运气的射弹。​​（伤害：<color=red>10</color>）,Fires a projectile filled with beginner's luck. (Damage: <color=red>10</color>),"初心者の幸運を込めた弾を発射します。
(ダメージ：<color=red>10</color>）","초심자의 행운을 담은 투사체를 발사합니다.
(피해량: <color=red>10</color>)
<color=yellow>별<sprite name=""Star"">에 위치한</color> 무기<sprite name=""Weapon"">마다 피해량이 5 증가합니다."
Tile_TileDescription_HauntedDollTile,"赋予诅咒<sprite name=""Curse"">。根据诅咒<sprite name=""Curse"">的堆叠数量触发额外效果。
<color=yellow>20</color>: 赋予 1 点冻伤<sprite name=""ice"">。
<color=yellow>30</color>: 赋予 5 点火焰<sprite name=""fire"">。
<color=yellow>40</color>: 赋予标记<sprite name=""mark"">。
<color=yellow>50</color>: 恢复 <color=green>5</color> 点生命值。
<color=yellow>60</color>: 赋予 1 点痛苦<sprite name=""Pain"">。
如果一颗<color=yellow>星星<sprite name=""Star"">上有 3 个或更多魔法阵 <sprite name=""MagicCircle"">，则施加 2 个诅咒<sprite name=""Curse"">。","Grants Curse<sprite name=""Curse"">. Additional effects are triggered based on the amount of Curse<sprite name=""Curse""> accumulated.
<color=yellow>20</color>: inflict 2 Frostbite<sprite name=""Ice"">.
<color=yellow>30</color>: inflict 5 Burn<sprite name=""Fire"">.
<color=yellow>40</color>: inflict Mark<sprite name=""Mark"">.
<color=yellow>50</color>: Restores <color=green>5</color> Health.
<color=yellow>60</color>: inflict 1 Pain<sprite name=""Pain"">. If there are 3 or more Magic Circles <sprite name=""MagicCircle""> <color=yellow>located on the Star<sprite name=""Star""></color>, inflict 2 Curses <sprite name=""Curse"">.","呪い<sprite name=""Curse"">を付与します。呪い<sprite name=""Curse"">がたまった量に応じて追加効果を発動します。
<color=yellow>20</color>: 凍傷 <sprite name=""Ice""> を 1 付与します。
<color=yellow>30</color>: 炎 <sprite name=""Fire""> を 5 付与します。
<color=yellow>40</color>: 烙印<sprite name=""Mark"">を付与します。
<color=yellow>50</color>: 体力を<color=green>5</color>回復します。
<color=yellow>60</color>: 痛み<sprite name=""Pain"">を1付与します。
<color=yellow>星<sprite name=""Star"">に位置する</color>魔法陣<sprite name=""MagicCircle"">が3つ以上の場合、呪い<sprite name=""Curse"">を2付与します。","저주<sprite name=""Curse"">를 부여합니다. 저주<sprite name=""Curse"">가 쌓인 양에 따라 추가 효과를 발동합니다. 
<color=yellow>20</color>: 동상<sprite name=""ice"">을 1 부여합니다. 
<color=yellow>30</color>: 화염<sprite name=""fire"">을 5 부여합니다. 
<color=yellow>40</color>: 낙인<sprite name=""mark"">을 부여합니다. 
<color=yellow>50</color>: 체력을 <color=green>5</color> 회복합니다. 
<color=yellow>60</color>: 고통<sprite name=""Pain"">을 1 부여합니다. 
<color=yellow>별<sprite name=""Star"">에 위치한</color> 마법진<sprite name=""MagicCircle"">이 3개 이상이라면, 저주<sprite name=""Curse"">를 2 부여합니다."
Tile_TileDescription_KabutoTile,"<color=yellow>战斗开始时</color>：召唤一只蛹。
<color=yellow>蛹</color>：消耗20点护盾<sprite name=""Barrier"">变为成虫。
<color=yellow>成虫</color>：消耗所有获得的护盾<sprite name=""Barrier"">，持续4秒。4秒后，发射一枚威力强大的投射物，然后返回蛹体内。
(伤害：<color=red>消耗的护盾 x 3 + 60​ </color>)
<color=yellow>每召唤一个位于星星<sprite name=""Star"">上的<sprite name=""Summon"">，冷却时间减少10%。","<color=yellow>Start of battle</color>: Summon a pupa.
<color=yellow>Pupa</color>: Consumes 20 Barrier<sprite name=""Barrier""> to become an adult.
<color=yellow>Adult</color>: Consumes all Barrier<sprite name=""Barrier""> gained for 4 seconds. After 4 seconds, fires a powerful projectile, then returns to the pupa.
(Damage: <color=red>Barrier consumed X 3 + 60​​</color>)
Cooldown is reduced by 10% for each summoned<sprite name=""Summon""> <color=yellow>located on the Star<sprite name=""Star"">.","<color=yellow>戦闘開始時</color>: 蛹を召喚します。
<color=yellow>蛹状態</color>: 20のバリア<sprite name=""Barrier"">を消費すると成虫になります。
<color=yellow>成虫状態</color>: 4秒間獲得したバリア<sprite name=""Barrier"">をすべて消費します。 4秒後に強力な弾を発射した後、蛹に戻ります。
(ダメージ：<color=red>消費したバリアⅹ 3 + 60</color>）
<color=yellow>星<sprite name=""Star"">に位置する</color>召喚獣<sprite name=""Summon"">ごとにクールタイムが10%減少します。","<color=yellow>전투 시작 시</color>: 번데기를 소환합니다.
<color=yellow>번데기 상태</color>: 20의 보호막<sprite name=""Barrier"">을 소모하면 성충이 됩니다.
<color=yellow>성충 상태</color>: 4초간 획득한 보호막<sprite name=""Barrier"">을 모두 소모합니다. 4초 뒤 강력한 투사체를 발사한 뒤, 번데기로 돌아갑니다.
(피해량: <color=red>소모한 보호막 X 3 + 60 </color>)
<color=yellow>별<sprite name=""Star"">에 위치한</color> 소환수<sprite name=""Summon"">마다 쿨타임이 10% 감소합니다."
Tile_TileDescription_ManaAITile,"<color=red>无法踩踏。无法穿过。</color>
<color=yellow>位于<sprite name=""Star"">星</color>上的法力炮塔每3秒自动攻击一次。","<color=red>Cannot be stepped on. Cannot pass through.</color>
Mana turrets <color=yellow>located on the Star<sprite name=""Star""></color> perform an auto-attack once every 3 seconds.","<color=red>踏んで発動させることはできません。通過できません。</color>
<color=yellow>星<sprite name=""Star"">に位置する</color>マナ砲塔が3秒に1回自動攻撃を実行します。","<color=red>밟아서 발동시킬 수 없습니다. 통과할 수 없습니다.</color>
<color=yellow>별<sprite name=""Star"">에 위치한</color> 마나 포탑이 3초에 한 번 자동 공격을 실행합니다."
Tile_TileDescription_ManaTurretTile,"<color=red>无法通过踩踏激活。无法穿过。</color>
<color=yellow>激活位于 <sprite name=""Star""> 上的武器 <sprite name=""Weapon""> 时会同时攻击。
Mana AI 出现在商店中。
(伤害：<color=red>15</color>)","<color=red>Cannot be activated by stepping on it. Cannot pass through it.</color>
Attacks together when activating a Weapon <sprite name=""Weapon""> <color=yellow>located on the Star<sprite name=""Star""></color>.
Mana AI appears in the shop.
(Damage: <color=red>15</color>)","<color=red>踏んで発動させることはできません。通過できません。</color>
<color=yellow>星<sprite name=""Star"">に位置する</color>武器<sprite name=""Weapon"">発動時に一緒に攻撃します。
店にマナAIが登場します。 
(ダメージ：<color=red>15</color>）","<color=red>밟아서 발동시킬 수 없습니다. 통과할 수 없습니다.</color>
<color=yellow>별<sprite name=""Star"">에 위치한</color> 무기<sprite name=""Weapon""> 발동 시 함께 공격합니다.
상점에 마나AI가 등장합니다. 
(피해량: <color=red>15</color>)"
Tile_TileDescription_NecronomiconTile,"发射一枚投射物，造成的伤害与敌人受到的诅咒<sprite name=""Curse"">数量成正比。
(伤害：<color=red>诅咒<sprite name=""Curse"">（最低1级）</color>)
如果<color=yellow>星<sprite name=""Star"">上有3个或更多魔法阵<sprite name=""MagicCircle"">，则伤害增加<color=red>诅咒<sprite name=""Curse""> x 2</color>。","Fires a projectile that deals damage proportional to the number of Curses<sprite name=""Curse""> inflicted on the enemy. 
(Damage: <color=red>Curse<sprite name=""Curse""> (Minimum 1)</color>) 
If there are 3 or more Magic Circles<sprite name=""MagicCircle""> <color=yellow>located on the Star<sprite name=""Star""></color>, the damage increases by <color=red>Curse<sprite name=""Curse""> x 2</color>.","敵に付与された呪い<sprite name=""Curse"">個数に比例してダメージが増加する弾を発射します。 
(ダメージ：<color=red>呪い<sprite name=""Curse"">の数（最小1）</color>)
<color=yellow>星に位置する<sprite name=""Star""></color>魔法陣<sprite name=""MagicCircle"">が3つ以上の場合、ダメージが<color=red>呪い<sprite name=""Curse"">の数X 2</color>に増加します。","적에게 부여된 저주<sprite name=""Curse""> 개수에 비례해 피해가 증가하는 투사체를 발사합니다. 
(피해량: <color=red>저주<sprite name=""Curse""> 개수 (최소 1)</color>)
<color=yellow>별<sprite name=""Star"">에 위치한</color> 마법진<sprite name=""MagicCircle"">이 3개 이상이라면, 피해량이 <color=red>저주<sprite name=""Curse""> 개수 X 2</color>로 증가합니다."
Tile_TileDescription_PhantomTile,"<color=yellow>战斗开始时</color>：将诅咒<sprite name=""Curse"">的最大数量增加到45个。诅咒人偶将根据增加的最大值获得额外能力。
<color=yellow>激活时</color>：失去所有诅咒<sprite name=""Curse"">。
如果一颗<color=yellow>星<sprite name=""Star"">上有3个或更多魔法阵<sprite name=""MagicCircle"">，则将诅咒<sprite name=""Curse"">的最大数量增加到60个。","<color=yellow>Start of battle</color>:  Increase Curse<sprite name=""Curse"">  limit to 45. The Cursed doll gains additional abilities based on the increased maximum. 
<color=yellow>On activate</color>: <color=Red>Lose all Curses<sprite name=""Curse""></color>. 
If there are 3 or more Magic Circles<sprite name=""MagicCircle""><color=yellow>located on the Star<sprite name=""Star""></color>, increase the maximum number of Curses<sprite name=""Curse""> to 60.","<color=yellow>戦闘開始時</color>: 呪い<sprite name=""Curse"">個数の最大値を45に上げます。
上がった最大値に応じて、呪い人形に追加の能力があります。
<color=yellow>発動時</color>：呪い<sprite name=""Curse"">をすべて失います。
<color=yellow>星<sprite name=""Star"">に位置する</color>魔法陣<sprite name=""MagicCircle"">が3つ以上の場合、呪い<sprite name=""Curse"">個数の最大値を60に上げます。","<color=yellow>전투 시작 시</color>: 저주<sprite name=""Curse""> 개수의 최대치를 45로 올립니다. 올라간 최대치에 따라 저주 인형에 추가 능력이 생깁니다. 
<color=yellow>발동 시</color>: 저주<sprite name=""Curse""> 를 모두 잃습니다. 
<color=yellow>별<sprite name=""Star"">에 위치한</color> 마법진<sprite name=""MagicCircle"">이 3개 이상이라면, 저주<sprite name=""Curse""> 개수의 최대치를 60으로 올립니다."
Tile_TileDescription_RainbowTile,使敌人获得 1 点火焰、1 点冰霜和 1 点诅咒效果。如果<color=yellow>星星</color>上有 3 个或更多魔法阵，则额外获得 1 点火焰和 1 点诅咒效果。,"Inflict 1 Burn<sprite name=""Fire"">, 1 Frostbite<sprite name=""Ice"">, 1 Curse<sprite name=""Curse""> to the enemy. 
If there are 3 or more </color>Magic Circles<sprite name=""MagicCircle""> <color=yellow>located on the Star<sprite name=""Star""></color>, Inflict 1 additional Burn<sprite name=""Fire"">,Curse<sprite name=""Curse"">.","敵に炎<sprite name=""Fire"">, 凍傷<sprite name=""Ice"">, 呪い<sprite name=""Curse"">を1ずつ付与します
<color=yellow>星に位置する<sprite name=""Star""></color>魔法陣<sprite name=""MagicCircle"">が3つ以上の場合、炎<sprite name=""Fire"">, 呪い<sprite name=""Curse"">を1追加で付与します","적에게 화염<sprite name=""Fire"">, 동상<sprite name=""Ice"">, 저주<sprite name=""Curse"">를 1씩 부여합니다.
<color=yellow>별<sprite name=""Star"">에 위치한</color> 마법진<sprite name=""MagicCircle"">이 3개 이상이라면, 화염<sprite name=""Fire"">, 저주<sprite name=""Curse"">를 1 추가로 부여합니다."
Tile_TileDescription_RainCloudTile,"每 5 秒用 <sprite name=""Mark""> 标记敌人。","Inflicts Mark<sprite name=""Mark""> on enemies every 5 seconds.","5秒ごとに敵に烙印<sprite name=""Mark"">を付与します。","5초마다 적에게 낙인<sprite name=""Mark"">을 부여합니다."
Tile_TileDescription_StaffTile,"发射一枚射弹。
（伤害：<color=red>15</color>）","Fires a projectile. 
(Damage: <color=red>15</color>)","弾を発射します。
(ダメージ：<color=red>15</color>)","투사체를 발사합니다.
(피해량: <color=red>15</color>)"
Tile_TileDescription_TotemBaseTile,"<color=yellow>购买后：</color>商店中会出现一个图腾<sprite name=""Totem"">。
图腾在战斗中可以堆叠在这里。
位于<color=yellow>星</color>上的<sprite name=""Summon"">召唤兽的冷却时间减少10%。","<color=yellow>When purchased:</color> Totem <sprite name=""Totem""> will appear in the shop.
This is where Totems stack during battle.
Cooldown is reduced by 10% for each summon <sprite name=""Summon""><color=yellow> located on the Star<sprite name=""Star""></color>.","<color=yellow>購入時：</color>トーテム<sprite name=""Totem"">が店に登場します。
戦闘時、トーテムが溜まる位置です。
<color=yellow>星<sprite name=""Star"">に位置する</color>召喚獣<sprite name=""Summon"">のクールタイムを10%減少させます。","<color=yellow>구매 시:</color> 토템<sprite name=""Totem"">이 상점에 등장합니다.
전투 시, 토템이 쌓이는 위치입니다.
<color=yellow>별<sprite name=""Star"">에 위치한</color> 소환수<sprite name=""Summon"">의 쿨타임을 10% 감소시킵니다."
Tile_TileDescription_ThunderStormCloudTile,"<color=yellow>激活时</color>：击落闪电。如果被标记，则再次标记。
(伤害：<color=red>40</color>)
在<color=yellow>星</color>上召唤的每个<sprite name=""Summon"">冷却时间减少10%。","<color=yellow>On activate</color>: Strikes down lightning. If Marked<sprite name=""Mark"">, Marks<sprite name=""Mark""> again.
(Damage: <color=red>40</color>)
Cooldown is reduced by 10% for each summon <sprite name=""Summon""><color=yellow> located on the Star<sprite name=""Star""></color>.","<color=yellow>発動時</color>：雷を降ります。烙印<sprite name=""Mark"">が押されている場合は、烙印<sprite name=""Mark"">を再度撮ります。
(ダメージ: <color=red>40</color>)
<color=yellow>星<sprite name=""Star"">にある</color>召喚獣<sprite name=""Summon"">ごとにクールタイムが10%減少します。","<color=yellow>발동 시</color>: 번개를 내리칩니다. 번개를 내리칩니다. 적에게 낙인 <sprite name=""Mark"">이 부여되어 있다면 공격 후 낙인<sprite name=""Mark"">을 다시 부여합니다.
(피해량: <color=red>40</color>)
<color=yellow>별<sprite name=""Star"">에 위치한</color> 소환수<sprite name=""Summon"">마다 쿨타임이 10% 감소합니다."
Tile_TileDescription_TurtleTile,"<color=yellow>战斗开始时</color>：召唤一只消耗<sprite name=""Barrier"">护盾的乌龟。乌龟每秒消耗3个<sprite name=""Barrier"">护盾。
<color=yellow>保护盾<sprite name=""Barrier"">时</color>：伤害增加为消耗护盾的3倍。（<color=red>最高45</color>）
<color=yellow>触发时</color>：发射一只乌龟。（伤害：<color=red>吸收3倍保护盾</color>）","<color=yellow>Start of battle</color>: Summon a turtle that consumes <sprite name=""Barrier""> shields. The turtle consumes 3 <sprite name=""Barrier""> shields per second.
<color=yellow>When Barrier<sprite name=""Barrier""> is consumed</color>: Damage increases by 3 times the consumed shields. (<color=red>Maximum 45</color>)
<color=yellow>On activate</color>: Launch a turtle. (Damage: <color=red>absorbed Barrier X 3</color>)","<color=yellow>戦闘開始時</color>: シールド<sprite name=""Barrier"">を消費するカメを召喚します。
カメは毎秒3の保護膜<sprite name=""Barrier"">を消費します。
<color=yellow>バリア<sprite name=""Barrier"">消耗時</color>: ダメージが消耗した保護膜の3倍だけ上昇します。 (<color=red>最大 45</color>)
<color=yellow>発動時</color>：カメを発射します。 
(ダメージ：<color=red> 吸収されたバリア×3</color>)","<color=yellow>전투 시작 시</color>: 보호막<sprite name=""Barrier"">을 소모하는 거북이를 소환합니다. 거북이는 매초 3의 보호막<sprite name=""Barrier"">을 소모합니다.
<color=yellow>보호막<sprite name=""Barrier""> 소모 시</color>: 피해량이 소모한 보호막의 3배만큼 상승합니다. (<color=red>최대 45</color>)
<color=yellow>발동 시</color>: 거북이를 발사합니다. (피해량: <color=red>소모한 보호막 X 3</color>)"
Tile_TileDescription_WraithTile,"<color=yellow>战斗开始时</color>：将诅咒<sprite name=""Curse"">的最大数量提升至40。
<color=yellow>触发</color>时：消耗<color=red>40个诅咒</color>并造成1点痛苦<sprite name=""Pain"">。
将当前施加于敌人的所有火焰<sprite name=""fire"">和冰霜<sprite name=""ice"">转换为诅咒<sprite name=""Curse"">。
如果<color=yellow>星星</color>上有3个或更多魔法阵<sprite name=""MagicCircle"">，则消耗<color=red>20个诅咒</color>。","<color=yellow>Start of battle</color>: Increase the maximum number of Curses <sprite name=""Curse""> to 40. 
<color=yellow>On activate</color>: Consume <color=red>40 Curses</color> and inflict 1 Pain <sprite name=""Pain"">. 
Convert all Burn <sprite name=""fire""> and Frostbite <sprite name=""ice""> currently applied to enemies to Curses <sprite name=""Curse"">. 
If there are 3 or more Magic Circles <sprite name=""MagicCircle""> <color=yellow>located on the Star<sprite name=""Star""></color>, Consume <color=red>20 Curses</color>.","<color=yellow>戦闘開始時</color>: 呪い<sprite name=""Curse"">個数の最大値を40に上げます。
現在、敵に適用されているすべての炎 <sprite name=""fire""> と 凍傷<sprite name=""ice""> を呪い<sprite name=""Curse""> に置き換えます。
<color=yellow>星<sprite name=""Star"">に位置する</color>魔法陣<sprite name=""MagicCircle"">が3つ以上の場合、呪い<sprite name=""Curse"">を<color=red>20消費</color>します。","<color=yellow>전투 시작 시</color>: 저주<sprite name=""Curse""> 개수의 최대치를 40으로 올립니다.
<color=yellow>발동 시</color>: 저주<sprite name=""Curse""> 를 <color=red>40 소모</color>하고 고통<sprite name=""Pain""> 을 1 부여합니다. 
현재 적에게 적용된 모든 화염<sprite name=""fire""> 과 동상<sprite name=""ice""> 을 저주<sprite name=""Curse""> 로 바꿉니다.
<color=yellow>별<sprite name=""Star"">에 위치한</color> 마법진<sprite name=""MagicCircle"">이 3개 이상이라면, 저주<sprite name=""Curse"">를 <color=red>20 소모</color>합니다."
Tile_TileDescription_HellFireTile,"一次性造成 5 点火焰伤害，并消除所有火焰 <sprite name=""Fire"">。
(伤害：<color=red>0~255</color>）
如果 <color=yellow>星</color> 上有 3 个或更多魔法阵 <sprite name=""MagicCircle"">，则造成 10 点火焰伤害。","Deals 5 Burn damage<sprite name=""Fire""> at once and removes all Burns <sprite name=""Fire"">.
(Damage: <color=red>0~255</color>)
If there are 3 or more Magic Circles <sprite name=""MagicCircle""><color=yellow>located on the Star<sprite name=""Star""></color>, deal 10 Burn damage<sprite name=""Fire"">.","次の5つの炎<sprite name=""Fire"">ダメージを一度に与え、炎<sprite name=""Fire"">をすべて削除します。
(ダメージ：<color=red>0〜255</color>)
<color=yellow>星<sprite name=""Star"">に位置する</color>魔法陣<sprite name=""MagicCircle"">が3つ以上の場合、次の10回の炎<sprite name=""Fire"">ダメージを与えます。","다음 5번의 화염<sprite name=""Fire""> 피해를 한 번에 입히고 화염<sprite name=""Fire"">을 모두 제거합니다.
(피해량: <color=red>0~255</color>)
<color=yellow>별<sprite name=""Star"">에 위치한</color> 마법진<sprite name=""MagicCircle"">이 3개 이상이라면, 다음 10번의 화염<sprite name=""Fire""> 피해를 입힙니다."
Tile_TileDescription_WandTile,"<color=yellow>星云 (2)</color>：发射一枚射弹。
(伤害：<color=red>6</color>)","<color=yellow>Nebula (2)</color>: Fires a projectile. 
(Damage: <color=red>6</color>)","<color=yellow>星雲（2）</color>：弾を発射します。 
(ダメージ: <color=red>6</color>)","<color=yellow>성운(2)</color>: 투사체를 발사합니다.
(피해량: <color=red>6</color>)"
Tile_TileDescription_MoaiTotemTile,"堆叠图腾 <sprite name=""Totem"">。堆叠 3 个图腾 <sprite name=""Totem""> 时激活。
<color=yellow>激活时</color>：发射一枚投射物。
(伤害：<color=red>15</color>）
<color=yellow>强化时</color>：伤害乘以 5。
<color=yellow>每召唤一个位于 <sprite name=""Star""> 上的 <sprite name=""Summon"">，冷却时间减少 10%。","Stacks totems <sprite name=""Totem"">. Activates when 3 totems <sprite name=""Totem""> are stacked.
<color=yellow>On activate</color>: Fires a projectile.
(Damage: <color=red>15</color>)
<color=yellow>On enhancement</color>: Damage is multiplied by 5.
Cooldown is reduced by 10% for each summon <sprite name=""Summon""><color=yellow> located on the Star<sprite name=""Star""></color>.","トーテム<sprite name=""Totem"">を積み重ねます。 3つのトーテム<sprite name=""Totem"">が積み重なると発動します。
<color=yellow>発動時</color>：弾を発射します。
(ダメージ：<color=red>15</color>)
<color=yellow>強化時</color>: ダメージが5倍になります。
<color=yellow>星<sprite name=""Star"">に位置する</color>召喚獣<sprite name=""Summon"">ごとにクールタイムが10%減少します。","토템<sprite name=""Totem"">을 쌓습니다. 3개의 토템<sprite name=""Totem"">이 쌓이면 발동합니다.
<color=yellow>발동 시</color>: 투사체를 발사합니다.
(피해량: <color=red>15</color>)
<color=yellow>강화 시</color>: 피해량이 5배가 됩니다.
<color=yellow>별<sprite name=""Star"">에 위치한</color> 소환수<sprite name=""Summon"">마다 쿨타임이 10% 감소합니다."
Tile_TileDescription_MagmaBladeTile,"下次攻击时，所有剑 <sprite name=""Sword""> 将获得 1 点火焰 <sprite name=""Fire"">，其攻击力等于召唤的剑的数量。召唤一把剑 <sprite name=""Sword"">，所有剑都会攻击。
(伤害：<color=red>召唤的剑数量</color>）
每召唤一个位于 <color=yellow> 星 <sprite name=""Star""> 上的 <sprite name=""Summon"">，冷却时间减少 10%。","On the next attack, all swords <sprite name=""Sword""> will inflict 1 Burn <sprite name=""Fire""> and their attack power will be equal to the number of summoned swords. Summon a sword <sprite name=""Sword""> and all swords will attack.
(Damage: <color=red>Summoned Swords</color>)
Cooldown is reduced by 10% for each summoned <sprite name=""Summon""><color=yellow>located on the Star <sprite name=""Star""></color>.","次の攻撃時にすべての剣<sprite name=""Sword"">が炎<sprite name=""Fire"">を1付与し、剣の攻撃力が召喚された剣の数と等しくなります。
(ダメージ：<color=red>召喚された剣の数</color>)
<color=yellow>星<sprite name=""Star"">に位置する</color>召喚獣<sprite name=""Summon"">ごとにクールタイムが10%減少します。","다음 공격 시 모든 검<sprite name=""Sword"">이 화염<sprite name=""Fire"">을 1 부여하고 검의 공격력이 소환된 검의 수와 같아집니다. 검<sprite name=""Sword"">을 한 개 소환하고 모든 검이 공격합니다.
(피해량: <color=red>소환된 검의 수</color>)
<color=yellow>별<sprite name=""Star"">에 위치한</color> 소환수<sprite name=""Summon"">마다 쿨타임이 10% 감소합니다."
Tile_TileDescription_CatTile,"<color=yellow>战斗开始时</color>：召唤一只猫巫师。
<color=yellow>激活时</color>：获得 8 点屏障。
<color=yellow>星</color>上每种召唤<sprite name=""Summon"">类型，额外获得 6 点屏障。","<color=yellow>Start of Battle</color>: Summon a Cat Wizard.
<color=yellow>On activate</color>: Gain 8 Barrier.
Gain an additional 6 Barrier for each type of Summon <sprite name=""Summon""> <color=yellow> located on the Star<sprite name=""Star""></color>.","<color=yellow>戦闘開始時</color>: 魔法使い猫を召喚します。
<color=yellow>発動時</color>: 保護膜<sprite name=""Barrier"">を8獲得します。
<color=yellow>星<sprite name=""Star"">に位置する</color>召喚獣<sprite name=""Summon"">種類1につきバリア<sprite name=""Barrier"">を6追加で獲得します。","<color=yellow>전투 시작 시</color>: 고양이 마법사를 소환합니다.
<color=yellow>발동 시</color>: 보호막<sprite name=""Barrier"">을 8 획득합니다.
<color=yellow>별<sprite name=""Star"">에 위치한</color> 소환수<sprite name=""Summon"">종류 하나당 보호막<sprite name=""Barrier"">을 6 추가로 획득합니다."
,,,,
Tile_TileCategoty_Weapon,"#<color=#D5F1FF>武器<sprite name=""Weapon""></color>","#<color=#D5F1FF>Weapon<sprite name=""Weapon""></color>","#<color=#D5F1FF>武器<sprite name=""Weapon""></color>","#<color=#D5F1FF>무기<sprite name=""Weapon""></color>"
Tile_TileCategoty_MagicCircle,"#<color=#D5F1FF>魔法阵<sprite name=""MagicCircle""></color>","#<color=#D5F1FF>Magic Circle<sprite name=""MagicCircle""></color>","#<color=#D5F1FF>魔法陣<sprite name=""MagicCircle""></color>","#<color=#D5F1FF>마법진<sprite name=""MagicCircle""></color>"
Tile_TileCategoty_Armor,"#<color=#D5F1FF>盔甲<sprite name=""Armor""></color>","#<color=#D5F1FF>Armor<sprite name=""Armor""></color>","#<color=#D5F1FF>防具<sprite name=""Armor""></color>","#<color=#D5F1FF>방어구<sprite name=""Armor""></color>"
Tile_TileCategoty_Consumable,"#<color=#D5F1FF>消耗品<sprite name=""Potion""></color>","#<color=#D5F1FF>Potion<sprite name=""Potion""></color>","#<color=#D5F1FF>消耗品<sprite name=""Potion""></color>","#<color=#D5F1FF>소모품<sprite name=""Potion""></color>"
Tile_TileCategoty_Trinket,"#<color=#D5F1FF>小饰品<sprite name=""Trinket""></color>","#<color=#D5F1FF>Trinket<sprite name=""Trinket""></color>","#<color=#D5F1FF>装飾品<sprite name=""Trinket""></color>","#<color=#D5F1FF>장신구<sprite name=""Trinket""></color>"
Tile_TileCategoty_Summon,"#<color=#D5F1FF>召唤<sprite name=""Summon""></color>","#<color=#D5F1FF>Summon<sprite name=""Summon""></color>","#<color=#D5F1FF>召喚獣<sprite name=""Summon""></color>","#<color=#D5F1FF>소환수<sprite name=""Summon""></color>"
,,,,
Tile_TileSynergy_Totem,"<color=#ECA03E>#图腾<sprite name=""Totem""></color>","<color=#ECA03E>#Totem<sprite name=""Totem""></color>","<color=#ECA03E>#トーテム<sprite name=""Totem""></color>","<color=#ECA03E>#토템<sprite name=""Totem""></color>"
Tile_TileSynergy_Sword,"<color=#D1DBE5>#剑<sprite name=""Sword""></color>","<color=#D1DBE5>#Sword<sprite name=""Sword""></color>","<color=#D1DBE5>#剣<sprite name=""Sword""></color>","<color=#D1DBE5>#검<sprite name=""Sword""></color>"
Tile_TileSynergy_Fire,"<color=#DB444C>#火焰<sprite name=""Fire""></color>","<color=#DB444C>#Burn<sprite name=""Fire""></color>","<color=#DB444C>#炎<sprite name=""Fire""></color>","<color=#DB444C>#화염<sprite name=""Fire""></color>"
Tile_TileSynergy_Ice,"<color=#0F88C1>#冻伤<sprite name=""Ice""></color>","<color=#0F88C1>#Frostbite<sprite name=""Ice""></color>","<color=#0F88C1>#凍傷<sprite name=""Ice""></color>","<color=#0F88C1>#동상<sprite name=""Ice""></color>"
Tile_TileSynergy_Shield,"<color=white>#盾牌<sprite name=""Shield""></color>","<color=white>#Shield<sprite name=""Shield""></color>","<color=white>#シールド<sprite name=""Shield""></color>","<color=white>#방어막<sprite name=""Shield""></color>"
Tile_TileSynergy_Barrier,"<color=white>#保护盾<sprite name=""Barrier""></color>","<color=white>#Barrier<sprite name=""Barrier""></color>","<color=white>#バリア<sprite name=""Barrier""></color>","<color=white>#보호막<sprite name=""Barrier""></color>"
Tile_TileSynergy_Curse,"<color=#AE3FF3>#诅咒<sprite name=""Curse""></color>","<color=#AE3FF3>#Curse<sprite name=""Curse""></color>","<color=#AE3FF3>#呪い<sprite name=""Curse""></color>","<color=#AE3FF3>#저주<sprite name=""Curse""></color>"
Tile_TileSynergy_Cloud,"<color=white>#云<sprite name=""Cloud""></color>","<color=white>#Cloud<sprite name=""Cloud""></color>","<color=white>#雲<sprite name=""Cloud""></color>","<color=white>#구름<sprite name=""Cloud""></color>"
Tile_TileSynergy_Nebula,"<color=white>#星云(N)<sprite name=""Nebula""></color>","<color=white>#Nebula(N)<sprite name=""Nebula""></color>","<color=white>#星雲(N)<sprite name=""Nebula""></color>","<color=white>#성운(N)<sprite name=""Nebula""></color>"
,,,,
Tile_TileTagDescription_Fire,"火焰<sprite name=""Fire"">：每秒造成相当于堆叠数量的伤害，并将堆叠数量减少 1。","Burn<sprite name=""Fire"">: Deals damage equal to the stack per second and reduces the stack by 1.","炎 <sprite name=""Fire"">: 毎秒スタックと同じダメージを与え、スタックが 1 減少します。","화염<sprite name=""Fire"">: 매초 스택만큼 피해를 주고 스택이 1 감소합니다."
Tile_TileTagDescription_Ice,"冻伤<sprite name=""Ice"">: 堆叠 10 次后，冻结敌人 2 秒。","Frostbite<sprite name=""Ice"">: When stacked 10 times, freezes enemies for 2 seconds.","凍傷 <sprite name=""Ice"">: 10回重複すると、敵を2秒間氷結させます。","동상<sprite name=""Ice"">: 10번 중첩되면,적을 2초동안 빙결시킵니다."
Tile_TileTagDescription_Sword,"剑<sprite name=""Sword"">：召唤生物，持续一定时间。当你向一把剑发出命令时，所有剑都会执行相同的命令。","Sword<sprite name=""Sword"">: Temporarily summoned. All swords follow the same command.","剣<sprite name=""Sword"">: 一定時間維持される召喚獣。剣を発行すると、すべての剣が同じコマンドを実行します。","검<sprite name=""Sword"">: 일정시간 동안 유지되는 소환수입니다. 검에게 명령을 내리면 모든 검이 동일한 명령을 수행합니다."
Tile_TileTagDescription_Totem,"图腾<sprite name=""Totem"">：当3个图腾叠加时，触发效果并消失。叠加的第3个图腾的效果会强化。","Totem<sprite name=""Totem"">: Activates when 3 stack. The 3rd totem's effect is enhanced.","トーテム <sprite name=""Totem"">: トーテムが3つ積み重なると効果を発動して消えます。","토템<sprite name=""Totem"">: 토템이 3개 쌓이면 효과를 발동하고 사라집니다. 3번째로 올라간 토템의 효과는 강화됩니다."
Tile_TileTagDescription_Shield,"盾牌<sprite name=""Shield"">：阻挡 1 轮伤害。","Shield<sprite name=""Shield"">: Blocks 1 round of damage.","シールド <sprite name=""Shield"">: 1 回のダメージを防ぎます。","방어막<sprite name=""Shield"">: 1회의 피해를 막아줍니다."
Tile_TileTagDescription_Barrier,"保护盾<sprite name=""Barrier"">：阻挡一定量的伤害。每秒吸收2点护盾。","Barrier<sprite name=""Barrier"">: Blocks a certain amount of damage. Consumes 2 per second.","バリア<sprite name=""Barrier"">: 一定量のダメージを防ぎます。毎秒2消費します。","보호막<sprite name=""Barrier"">: 일정량의 피해를 막아줍니다. 매초 2 소모됩니다."
Tile_TileTagDescription_Pain,"痛苦<sprite name=""Pain"">：受到的伤害增加 10%。","Pain<sprite name=""Pain"">: Damage taken increases by 10%.","痛み<sprite name=""Pain"">: 受けるダメージが10%増加します。","고통<sprite name=""Pain"">: 받는 피해가 10% 증가합니다."
Tile_TileTagDescription_Mark,"印记<sprite name=""Mark"">: 使你下次攻击受到的伤害提高 50%。(最多1个)","Mark<sprite name=""Mark"">: Increases the damage taken from your next attack by 50%. (Maximum 1)","烙印 <sprite name=""Mark"">: 次の攻撃 1 回のダメージを 50% 増加して受けます。(最大1)","낙인<sprite name=""Mark"">: 다음 공격 한 번의 피해를 50% 증가하여 받습니다.(최대 1)"
Tile_TileTagDescription_Curse,"诅咒<sprite name=""Curse"">：诅咒物品使用的资源。默认限制为 30。","Curse<sprite name=""Curse"">: A resource used by Curse items. The default limit is 30.","呪い<sprite name=""Curse"">: 呪いアイテムが使用するリソースです。","저주<sprite name=""Curse"">: 저주 아이템들이 사용하는 자원입니다. 기본적인 한도는 30입니다."
Tile_TileTagDescription_Nebula,"星云(N)<sprite name=""Nebula"">：结合了 N 个星座的结构，每个星座都有独立的能力和冷却时间。","Nebula(N)<sprite name=""Nebula"">: A structure that combines N constellations, each with independent abilities and cooldowns.","星雲(N)<sprite name=""Nebula"">: N個の星座が結合された構造で、各星座は独立した能力とクールタイムを持ちます。","성운(N)<sprite name=""Nebula"">: N개의 별자리가 결합된 구조로, 각 별자리는 독립적인 능력과 쿨타임을 가집니다."
,,,,
UI_Quest_Instruction1,"教程 1
- 移动角色
({0}/5)","Tutorial 1
- Move the character
({0}/5)","チュートリアル1 
-キャラクターを動く
({0}/5)","튜토리얼 1
- 캐릭터를 움직이세요 
({0}/5)"
UI_Quest_Instruction2,"教程 2
- 存活 10 秒
({0}/10 秒)","Tutorial 2
- Survive for 10 seconds
({0}/10 seconds)","チュートリアル2
- 10秒間生き残る
({0}/10秒)","튜토리얼 2
- 10초간 생존하세요
({0}/10초)"
UI_Quest_Instruction3,"教程 3
- 安装星座
({0}/3)","Tutorial 3
- Install the constellation
({0}/3)","チュートリアル3
- 星座を設置する
({0}/3個)","튜토리얼 3
- 별자리를 설치하세요
(설치 {0}/3개)"
UI_Quest_Instruction3_1,"教程 4
- 激活星星
（已激活星星 {0}/3）","Tutorial 4
- Activate the Stars
(Activated Stars {0}/3)","チュートリアル4
- 星を活性化する
（アクティブ化された星{0} / 3個）","튜토리얼 4
- 별을 활성화 하세요
(활성화된 별 {0}/3개)"
UI_Quest_Instruction4,"教程 5
- 旋转星座
({0}/5)","Tutorial 5
- Rotate the constellations
({0}/5)","チュートリアル5
- 星座を回転させる
({0}/5個)","튜토리얼 5
- 별자리를 회전시켜보세요
({0}/5개)"
UI_Quest_Instruction5,"教程 6
- 保留星座
({0}/4)","Tutorial 6
- Keep the constellations
({0}/4)","チュートリアル6
- 星座を保管する
({0}/4個)","튜토리얼 6
- 별자리를 보관해보세요
({0}/4개)"
UI_Quest_Instruction6,"教程 7
- 出售星座
({0}/4)","Tutorial 7
- Sell the constellation
({0}/4)","チュートリアル7
- 星座を販売する
({0}/4個)","튜토리얼 7
- 별자리를 판매해보세요
({0}/4개)"
UI_Quest_Instruction7,"教程 8
- 与敌人战斗并取得胜利
({0}/1)","Tutorial 8
- Fight the enemy and win
({0}/1)","チュートリアル8
-戦いに勝つ
({0}/1)","튜토리얼 8
- 적과 싸워 승리하세요
({0}/1)"
,,,,
UI_Quest_Title1,- 教程 1 -,- Tutorial 1 -,- チュートリアル 1 -,튜토리얼 1
UI_Quest_Title2,- 教程 2 -,- Tutorial 2 -,- チュートリアル 2 -,튜토리얼 2
UI_Quest_Title3,- 教程 3 -,- Tutorial 3 -,- チュートリアル 3 -,튜토리얼 3
UI_Quest_Title3_1,- 教程 4 -,- Tutorial 4 -,- チュートリアル 4 -,튜토리얼 4
UI_Quest_Title4,- 教程 5 -,- Tutorial 5 -,- チュートリアル 5 -,튜토리얼 5
UI_Quest_Title5,- 教程 6 -,- Tutorial 6 -,- チュートリアル 6 -,튜토리얼 6
UI_Quest_Title6,- 教程 7 -,- Tutorial 7 -,- チュートリアル 7 -,튜토리얼 7
UI_Quest_Title7,- 教程 8 -,- Tutorial 8 -,- チュートリアル 8 -,튜토리얼 8
,,,,
UI_Quest_SubTitle1,移动,Move,移動する,이동하기
UI_Quest_SubTitle2,存活,Survive,生き残る,살아남기
UI_Quest_SubTitle3,安装星座,Installing the constellation,星座の設置,별자리 설치하기
UI_Quest_SubTitle3_1,强化星座,Strengthening the constellation,星座を強化する,별자리 강화하기
UI_Quest_SubTitle4,旋转星座,Rotate the constellations,星座を回転させる,별자리를 회전하기
UI_Quest_SubTitle5,保留你的星座,Keep your constellations,星座を保管する,별자리 보관하기
UI_Quest_SubTitle6,出售星座,Selling constellations,星座を販売する,별자리를 판매하기
UI_Quest_SubTitle7,赢得,To win,勝つ,승리하기
,,,,
UI_Quest_Content1,"角色可以通过 
<color=yellow>WASD</color> 或 <color=yellow>↑↓←→</color> 移动

尝试移动角色","The character can be moved with 
<color=yellow>WASD</color> or <color=yellow>↑↓←→</color> 

Try moving the character","キャラクターは
<color=yellow>WASD</color>または<color=yellow>↑↓←→</color> 
で動くことができます 
キャラクターを移動してみてください","캐릭터는
<color=yellow>WASD</color> 또는 <color=yellow>↑↓←→</color> 
로 움직일 수 있습니다 
캐릭터를 이동시켜보세요"
UI_Quest_Content2,"敌人会攻击你
<color=yellow>躲避敌人攻击并生存下来</color>","Enemies will attack you
<color=yellow>Avoid enemy attacks and survive</color>","敵はあなたを攻撃します
<color=yellow>敵の攻撃を避けて生き残ってください。</color>","적은 당신을 공격합니다
<color=yellow>적의 공격을 피해 살아남으세요</color>"
UI_Quest_Content3,"星座可以在底部商店购买

<color=yellow>和</color>

将星座从商店拖到你的区域即可放置","Constellations can be <color=yellow>purchased</color> from the bottom shop 
and
Drag the constellations from the shop to your area to place them","星座は下の店で 
<color=yellow>購入</color>できます

店で星座を
<color=yellow>クリックしたまま動き</color>
エリアに設置してください。","별자리는 하단 상점에서 
<color=yellow>구매</color>할 수 있습니다

상점에서 별자리를 
<color=yellow>드래그</color> 하여 영역에 설치하세요"
UI_Quest_Content3_1,"每个星座都有专属的<color=yellow>星星<sprite name=""Star""></color>，当满足每个<color=yellow>星座</color>的条件时，该<color=yellow>星座</color>就会得到强化。

激活<color=yellow>星星<sprite name=""Star""></color>即可强化该星座。","Each constellation has its own <color=yellow>star<sprite name=""Star""></color>, and when the conditions of each <color=yellow>constellation</color> are met, the <color=yellow>constellation</color> is strengthened.

Activate the <color=yellow>star<sprite name=""Star""></color> to strengthen the constellation.","各星座には独自の<color=yellow>星<sprite name=""Star""></color>があります。 
各<color=yellow>星座</color>の条件を達成すると 
<color=yellow>星座</color>が強化されます

<color=yellow>星<sprite name=""Star""></color>を有効にして星座を強化してください。","각 별자리는 고유의 <color=yellow>별<sprite name=""Star""></color>을 가지고 있어 
각 <color=yellow>별자리</color>의 조건을 달성시 
<color=yellow>별자리</color>가 강화됩니다

<color=yellow>별<sprite name=""Star""></color>을 활성화하여 별자리를 강화하세요"
UI_Quest_Content4,"旋转星座
点击星座 <color=yellow>，然后按 <sprite name=""Star"">R 或 <sprite name=""Star"">，
<color=yellow>右键单击 <sprite name=""Star""> 即可旋转星座。","Rotate the constellation
Click on the constellation <color=yellow>
and press R</color> or , 
<color=yellow>right-click the mouse </color> 
to rotate the constellation.","星座を回転させてください。
<color=yellow>星座をクリック</color>した状態で
<color=yellow>R </color>を押すか、
<color=yellow>マウスの右ボタン</color>をクリックで
星座を回転させることができます。","별자리를 회전시켜보세요
<color=yellow>별자리를 클릭</color>,한 상태에서
<color=yellow>R</color>을 누르거나, 
<color=yellow>마우스 오른쪽 버튼</color>을 클릭하면 
별자리를 회전 시킬 수 있습니다."
UI_Quest_Content5,可以通过将星座拖放到<color=yellow>区域两侧的空格</color>来存储星座。<color=yellow>存储的星座</color>不能在战斗中使用。,"Constellations can be stored by dragging them to the <color=yellow>spaces on either side of the area</color>. 
<color=yellow>Stored constellations</color> cannot be used in battle.","星座は<color=yellow>領域の両方のスペース</color>
に保管できます。
<color=yellow>保管した星座</color> 
戦闘には使用できません","별자리는 <color=yellow>영역의 양쪽 공간</color>에
보관할 수 있습니다
<color=yellow>보관한 별자리</color>는 
전투에 사용할 수 없습니다"
UI_Quest_Content6,"拖动星座时，底部的<color=yellow>销售区</color>将被激活。
当您将星座拖放到销售区时，
该星座将被<color=yellow>出售</color>，您可以赚取金币。","While dragging a constellation, the <color=yellow>Sales Area</color> at the bottom will be activated.
When you drag a constellation and drop it into the Sales Area,
the constellation will be <color=yellow>sold</color> and you can earn gold.","星座をクリックしている間
下部に<color=yellow>販売エリア</color>が有効になります
星座をドラッグして販売エリアに置くと
星座は<color=yellow>販売</color>され
ゴールドを獲得できます","별자리를 드래그 하는 중에는
하단에 <color=yellow>판매 영역</color>이 활성화 됩니다
별자리를 끌어다 판매 영역에 두면
별자리가 <color=yellow>판매</color>되고 
골드를 획득할 수 있습니다"
UI_Quest_Content7,"准备就绪后，
点击右下角的<color=yellow>[开始战斗]</color>
开始战斗
并踩踏星座
攻击敌人并<color=yellow>获胜</color>","After you're ready for battle,
click <color=yellow>[Start Battle]</color> at the bottom right
to start the battle
and step on the constellations
to attack the enemy and <color=yellow>win</color>","戦闘準備を終えて
右下の [<color=yellow>戦闘開始</color>] 
タップして戦闘を始めます。

そして星座を踏んで 
敵を攻撃し<color=yellow>勝利</color>してください。","전투 준비를 마치고
우측하단 [<color=yellow>전투시작</color>]을 
눌러 전투를 시작하세요

그리고 별자리를 밟아 
적을 공격해 <color=yellow>승리</color>하세요"
,,,,
UI_Quest_Goal1,- 完成条件 - 移动角色 (0/5),"Completion Conditions 
Move Character (0/5)","クリア条件
キャラクターを移動する(0/5)","완료 조건
캐릭터 이동하기 (0/5)"
UI_Quest_Goal2,"- 完成条件 - 
存活 10 秒 (0/10 秒)","Completion Conditions 
Survive for 10 seconds (0/10 seconds)","クリア条件
10秒間生き残る（0/10秒）","완료 조건
10초 동안 생존하기 (10초)"
UI_Quest_Goal3,"完成条件
安装 3 个星座 (0/3)","Completion Conditions 
Install 3 constellations (0/3)","クリア条件
星座3個を設置する（0/3個）","완료 조건
별자리 3개 배치하기
(설치 0/3개)"
UI_Quest_Goal3_1,"完成条件
激活3颗星
(激活 0/3 星)","Completion Conditions 
Activate 3 stars
(0/3 stars Activated)","完了条件
星を3つ活性化する
（活性化された星0/3個）","완료 조건
별자리 3개 활성화하기
(활성화 된 별 0/3개)"
UI_Quest_Goal4,"- 完成条件 - 
旋转星座 (0/5)","Completion Conditions 
Rotate the Constellation (0/5)","クリア条件
星座5個を回転する（0/５個）","완료 조건
별자리 회전시키기 (0/5)"
UI_Quest_Goal5,"- 完成条件 - 
储存 4 个星座 (0/4)","Completion Conditions 
Store 4 constellations (0/4)","クリア条件
星座を4個保管する（0/4個）","완료 조건
별자리 4개 보관하기 (0/4개)"
UI_Quest_Goal6,"完成条件
出售 4 个星座 (0/4)","Completion Conditions 
Sell 4 constellations (0/4)","クリア条件 
星座を4個販売する（0/4個）","완료 조건
별자리 4개 판매하기 (0/4개)"
UI_Quest_Goal7,"- 完成条件 - 
赢得战斗 (0/1)","Completion Conditions 
Win the Battle (0/1)","クリア条件
戦いに勝つ(0/1)","완료 조건
전투 승리 (0/1)"
,,,,
UI_Button_FinalBossRetry,最终 Boss 再次挑战,Final Boss Re-challenge,最後のボス再挑戦,마지막 보스 재도전
UI_Button_Reroll,"刷新 (1G)
快捷键：D","ReRoll (1G)
HotKey: D","リロール(1G)
リロールキー：D","새로고침(1G)
단축키: D"
UI_Button_ButtleStart,战斗开始,Battle Start,戦闘開始,전투 시작
UI_Button_Sell,售价：{0}G,Selling Price: {0}G,販売価格：{0} G,판매 가격: {0}G
UI_Button_Check,查看,Check,確認,확인
UI_Button_GameExit,游戏结束,Game Exit,ゲーム終了,게임종료
UI_Button_ReStart,返回菜单,Back To Menu,メニューに戻る,메뉴로 돌아가기
UI_Button_Retry,重试,Retry,再試行,재시도
UI_Button_Title,标题,Title,タイトル,타이틀
UI_Button_Try,前进,Go!,進む,진행하기
UI_Button_Yas,是的,Yes,はい,네
UI_Button_No,不,No,いいえ,아니오
UI_Button_Start,开始,GAME START,ゲームスタート,게임 시작
UI_Button_Guide,教程,TUTORIAL,チュートリアル,튜토리얼
UI_Button_Book,星座图鉴,CONSTELLATION,星座図鑑,별자리 도감
UI_Button_Credit,信用,Credit,クレジット,크레딧
UI_Button_Close,关闭,Close,閉じる,닫기
UI_Button_Easy,简单的,Easy,イージー,쉬움
UI_Button_Nomal,普通的,Normal,ノーマル,보통
UI_Button_Hard,难的,Hard,ハード,어려움
UI_Button_VeryHard,地狱,Hell,地獄,지옥
UI_Button_Setting,设置,SETTING,設定,환경 설정
UI_Button_Exit,退出游戏,EXIT GAME,ゲーム終了,게임 종료
UI_Button_CheckGameGiveUp,放弃游戏,"Give up 
the game",ゲームを放棄する,게임 포기
UI_Button_CheckGameContinue,继续游戏,"Continue 
the game",ゲームを続ける,게임 계속
,,,,
UI_Text_ProbabilityTable,概率表,Probability Table,確率表,확률표
UI_Text_Resolution,解决,Resolution,解像度,해상도
UI_Text_Language,语言,Language,言語,언어
UI_Text_FullScreen,全屏,Full screen,全画面,전체화면
UI_Text_Lock,点击锁定,Click to Lock,クリックしてロック,클릭하여 잠금
UI_Text_Vectory,胜利！,Victory!,勝利！,승리!
UI_Text_Lose,击败..,Defeat..,敗北..,패배..
UI_Text_NomalProbability,正态：{0}%,Normal: {0}%,一般：{0}%,일반: {0}%
UI_Text_RareProbability,<color=#B6E6FE>稀有</color>：{0}%,<color=#B6E6FE>Rare</color>: {0}%,<color=#B6E6FE>レア</color>：{0}%,<color=#B6E6FE>희귀</color>: {0}%
UI_Text_EpicProbability,<color=#E2ACFE>英雄</color>：{0}%,<color=#E2ACFE>Epic</color>: {0}%,<color=#E2ACFE>英雄</color>: {0}%,<color=#E2ACFE>영웅</color>: {0}%
UI_Text_LegendaryProbability,<color=#FEB996>传奇</color>：{0}%,<color=#FEB996>Legend</color>: {0}%,<color=#FEB996>伝説</color>: {0}%,<color=#FEB996>전설</color>: {0}%
UI_Text_MythicProbability,<color=#A6E6D9>神话</color>：{0}%,<color=#A6E6D9>Mythic</color>: {0}%,<color=#A6E6D9>神話</color>：{0}%,<color=#A6E6D9>신화</color>: {0}%
UI_Text_MasterVolume,全体音量,Master Volume,マスターボリューム,마스터 볼륨
UI_Text_BGMVolume,音乐音量,Music Volume,BGMボリューム,음악 볼륨
UI_Text_SoundEffectVolume,音效音量,Sound Effect Volume,効果音ボリューム,효과음 볼륨
UI_Text_OpportunityLeft,剩余机会,Lives,残りのチャンス,남은 기회
UI_Text_GameClear,清除,Clear,クリア,클리어
UI_Text_QuestEnd_Title,- 指南完成 -,- Guide Complete -,- ガイド完了 -,튜토리얼 완료
UI_Text_QuestEnd_Content,"您已完成所有指南
强大的敌人正在等着您
放置众多星座
与敌人战斗并取得胜利","You have completed all the guides
Very powerful enemies await you
Place numerous constellations
Fight the enemies and win","すべてのガイドを進めました
強力な敵があなたを待っています
色んなの星座を配置し、 
敵と戦い勝って見ましょう","모든 가이드를 진행했습니다
매우 강력한 적들이 당신을 기다립니다
수많은 별자리를 배치하고 
적들과 싸워 승리하세요"
UI_Text_QuestEnd_Lose,- 失败 -,- Defeat -,-敗北-,- 패배 -
UI_Text_QuestEnd_Restart,放置更多星座并重试,Place more constellations and try again,"もっと星座を配置し
再挑戦してみてください","더 많은 별자리를 배치해
재도전 해보세요"
UI_Text_Language,语言,Language,言語,언어
UI_Text_Playtutorial,您想观看教程吗？,Would you like to watch the tutorial?,チュートリアルを見ますか？,튜토리얼을 보시겠습니까?
UI_Text_LevelSetting,选择难度,Select difficulty,難易度を選択してください,난이도를 선택하세요
UI_Text_EasyDescription,<color=green>Boss攻击速度降低30%</color>,<color=green>Boss attack speed reduced by 30%</color>,<color=green>ボス攻撃速度30%減少</color>,<color=green>보스 공격 속도 30% 감소</color>
UI_Text_NomalDescription,标准难度,Standard Difficulty,基準難易度,기준 난이도
UI_Text_HardDescription,"<color=red>完成普通难度时解锁
Boss攻击速度增加30%
Boss生命值增加30%","<color=red>Unlocked after clearing Normal Difficulty
Boss attack speed increased by 30%
Boss health increased by 30%","<color=red>通常難易度クリア時解禁
ボス攻撃速度30%増加
ボス体力30％増加","<color=red>보통 난이도 클리어 시 해금
보스 공격 속도 30% 증가
보스 체력 30% 증가"
UI_Text_HellDescription,"<color=red>普通难度通关解锁
Boss攻击速度提升30%
Boss生命值提升50%
玩家初始生命值为1（最大生命值为100）</color>","<color=red>Unlocked after clearing Normal Difficulty
Boss attack speed increased by 30%
Boss health increased by 50%
Player starts ""with"" health 1 (max health 100)</color>","<color=red>通常難易度クリア時解禁
ボス攻撃速度30%増加
ボス体力50％増加
プレイヤースタートHP1
（最大体力は100）</color>","<color=red>보통 난이도 클리어 시 해금
보스 공격 속도 30% 증가
보스 체력 50% 증가
플레이어 시작 체력 1 (최대 체력은 100)</color>"
UI_Text_UnlockedTile,已解锁！,Unlocked!,解禁！,해금됨!
UI_Text_UnlockedTileCount,已解锁{0}个星座。,{0} constellations have been unlocked.,{0}個の星座が解禁されました。,{0}개의 별자리가 해금됐습니다.
UI_Text_TileUnlockConditions,"解锁条件

完成{0}个关卡。","Unlock Conditions

Clear {0} stage.","解禁条件

{0}ステージクリア。","해금조건

{0} 스테이지 클리어."
UI_Text_CheckGameTitle,放弃游戏并返回标题。（游戏将不会保存。）,"Give up the game and return to the title. 
(The game will not be saved.)","ゲームを放棄してタイトルに戻ります。
（ゲームは保存されません。）","게임을 포기하고 타이틀로 돌아갑니다.
(게임이 저장되지 않습니다.)"
UI_Text_ClearText,感谢您游玩本游戏！,Thank you for playing!,"プレイしていただき
ありがとうございます！","플레이 해주셔서 
감사합니다!"
UI_Text_Start,开始,Start,開始,시작
